<?xml version="1.0" encoding="UTF-8"?>
<metadata xml:lang="en"><idinfo><native>Microsoft Windows Vista Version 6.1 (Build 7601) Service Pack 1; ESRI ArcCatalog 9.3.1.3500</native><descript><abstract>REQUIRED: A brief narrative summary of the data set.</abstract><purpose>REQUIRED: A summary of the intentions with which the data set was developed.</purpose></descript><citation><citeinfo><origin>REQUIRED: The name of an organization or individual that developed the data set.</origin><pubdate>REQUIRED: The date when the data set is published or otherwise made available for release.</pubdate><title>GISDATA.GISAD.PWD_PARCELS</title><geoform>vector digital data</geoform><onlink>Server=pwdgis4; Service=sde:sqlserver:pwdgis4; Database=GISDATA; User=gisad; Version=sde.DEFAULT</onlink></citeinfo></citation><timeperd><current>REQUIRED: The basis on which the time period of content information is determined.</current><timeinfo><sngdate><caldate>REQUIRED: The year (and optionally month, or month and day) for which the data set corresponds to the ground.</caldate></sngdate></timeinfo></timeperd><status><progress>REQUIRED: The state of the data set.</progress><update>REQUIRED: The frequency with which changes and additions are made to the data set after the initial data set is completed.</update></status><spdom><bounding><westbc>-75.283977</westbc><eastbc>-74.955116</eastbc><northbc>40.143720</northbc><southbc>39.866035</southbc></bounding></spdom><keywords/><accconst>REQUIRED: Restrictions and legal prerequisites for accessing the data set.</accconst><useconst>REQUIRED: Restrictions and legal prerequisites for using the data set after access is granted.</useconst></idinfo><dataIdInfo><envirDesc>Microsoft Windows 7 Version 6.1 (Build 7601) Service Pack 1; Esri ArcGIS 10.1.1.3300</envirDesc><dataLang><languageCode value="eng"/><countryCode value="USA"/></dataLang><idCitation><resTitle>GIS_WATER.PWD_PARCELS_rev</resTitle><presForm><PresFormCd value="005"/></presForm></idCitation><spatRpType><SpatRepTypCd value="001"/></spatRpType><dataExt><geoEle><GeoBndBox esriExtentType="native"><westBL>2660580.333403</westBL><eastBL>2749812.501149</eastBL><northBL>304914.375103</northBL><southBL>206371.903225</southBL><exTypeCode>1</exTypeCode></GeoBndBox></geoEle></dataExt><geoBox esriExtentType="decdegrees"><westBL>-75.283977</westBL><eastBL>-74.955116</eastBL><northBL>40.14372</northBL><southBL>39.866035</southBL><exTypeCode>1</exTypeCode></geoBox><searchKeys><keyword>Parcels</keyword><keyword>Boundaries</keyword><keyword>Stomwater</keyword><keyword>Billing</keyword><keyword>PWD</keyword><keyword>pwdparcels</keyword><keyword>pwd_parcels</keyword><keyword>vacancy</keyword></searchKeys><dataExt><geoEle><GeoBndBox esriExtentType="search"><exTypeCode>1</exTypeCode><westBL>-75.283943</westBL><eastBL>-74.955116</eastBL><northBL>40.143719</northBL><southBL>39.866035</southBL></GeoBndBox></geoEle></dataExt><idPurp>The primary purpose of PWD_PARCEL layer is to calculate parcel-based stormwater charges for PWD customers under the new parcel-based stormwater billing program.  The layer was created from the DOR_PARCELS layer in 2005 after it was decided that none of the other City parcel layers could meet the needs of PWD's stormwater billing program.  Those needs are generally that the parcel delineations match up to what people actually own, that there is an accurate assessment of the impervious area on the parcel, and that there is owner information associated with the parcel.  Over the past 5 years, PWD has made corrections based off deeds on file with DOR, BRT information, and other City records.  PWD also matched up each DOR parcel to a corresponding BRT record that contained the owner information for that parcel.</idPurp><idAbs>&lt;DIV STYLE="text-align:Left;"&gt;&lt;DIV&gt;&lt;DIV&gt;&lt;P&gt;&lt;SPAN STYLE="font-weight:bold;"&gt;ATTRIBUTE FIELDS:&lt;/SPAN&gt;&lt;/P&gt;&lt;TABLE&gt;&lt;TBODY&gt;&lt;TR&gt;&lt;TD&gt;&lt;P STYLE="text-align:Center;margin:0 0 0 0;"&gt;&lt;SPAN&gt;&lt;SPAN&gt;FIELD NAME&lt;/SPAN&gt;&lt;/SPAN&gt;&lt;/P&gt;&lt;/TD&gt;&lt;TD&gt;&lt;P STYLE="text-align:Center;margin:0 0 0 0;"&gt;&lt;SPAN&gt;&lt;SPAN&gt;DATA TYPE&lt;/SPAN&gt;&lt;/SPAN&gt;&lt;/P&gt;&lt;/TD&gt;&lt;TD&gt;&lt;P STYLE="text-align:Center;margin:0 0 0 0;"&gt;&lt;SPAN&gt;&lt;SPAN&gt;DESCRIPTION&lt;/SPAN&gt;&lt;/SPAN&gt;&lt;/P&gt;&lt;/TD&gt;&lt;/TR&gt;&lt;TR&gt;&lt;TD&gt;&lt;P STYLE="margin:0 0 0 0;"&gt;&lt;SPAN&gt;&lt;SPAN&gt;Object ID&lt;/SPAN&gt;&lt;/SPAN&gt;&lt;/P&gt;&lt;/TD&gt;&lt;TD&gt;&lt;P STYLE="margin:0 0 0 0;"&gt;&lt;SPAN&gt;&lt;SPAN&gt;Object ID&lt;/SPAN&gt;&lt;/SPAN&gt;&lt;/P&gt;&lt;/TD&gt;&lt;TD&gt;&lt;P STYLE="margin:0 0 0 0;"&gt;&lt;SPAN&gt;&lt;SPAN&gt;Object ID&lt;/SPAN&gt;&lt;/SPAN&gt;&lt;/P&gt;&lt;/TD&gt;&lt;/TR&gt;&lt;TR&gt;&lt;TD&gt;&lt;P STYLE="margin:0 0 0 0;"&gt;&lt;SPAN&gt;&lt;SPAN&gt;PARCELID&lt;/SPAN&gt;&lt;/SPAN&gt;&lt;/P&gt;&lt;/TD&gt;&lt;TD&gt;&lt;P STYLE="margin:0 0 0 0;"&gt;&lt;SPAN&gt;&lt;SPAN&gt;Long Integer&lt;/SPAN&gt;&lt;/SPAN&gt;&lt;/P&gt;&lt;/TD&gt;&lt;TD&gt;&lt;P STYLE="margin:0 0 0 0;"&gt;&lt;SPAN&gt;&lt;SPAN&gt;UNIQUE PARCELID&lt;/SPAN&gt;&lt;/SPAN&gt;&lt;/P&gt;&lt;/TD&gt;&lt;/TR&gt;&lt;TR&gt;&lt;TD&gt;&lt;P STYLE="margin:0 0 0 0;"&gt;&lt;SPAN&gt;&lt;SPAN&gt;TENCODE&lt;/SPAN&gt;&lt;/SPAN&gt;&lt;/P&gt;&lt;/TD&gt;&lt;TD&gt;&lt;P STYLE="margin:0 0 0 0;"&gt;&lt;SPAN&gt;&lt;SPAN&gt;Text&lt;/SPAN&gt;&lt;/SPAN&gt;&lt;/P&gt;&lt;/TD&gt;&lt;TD&gt;&lt;P STYLE="margin:0 0 0 0;"&gt;&lt;SPAN&gt;&lt;SPAN&gt;OPA TENCODE&lt;/SPAN&gt;&lt;/SPAN&gt;&lt;/P&gt;&lt;/TD&gt;&lt;/TR&gt;&lt;TR&gt;&lt;TD&gt;&lt;P STYLE="margin:0 0 0 0;"&gt;&lt;SPAN&gt;&lt;SPAN&gt;ADDRESS&lt;/SPAN&gt;&lt;/SPAN&gt;&lt;/P&gt;&lt;/TD&gt;&lt;TD&gt;&lt;P STYLE="margin:0 0 0 0;"&gt;&lt;SPAN&gt;&lt;SPAN&gt;Text&lt;/SPAN&gt;&lt;/SPAN&gt;&lt;/P&gt;&lt;/TD&gt;&lt;TD&gt;&lt;P STYLE="margin:0 0 0 0;"&gt;&lt;SPAN&gt;&lt;SPAN&gt;ADDRESS&lt;/SPAN&gt;&lt;/SPAN&gt;&lt;/P&gt;&lt;/TD&gt;&lt;/TR&gt;&lt;TR&gt;&lt;TD&gt;&lt;P STYLE="margin:0 0 0 0;"&gt;&lt;SPAN&gt;&lt;SPAN&gt;OWNER1&lt;/SPAN&gt;&lt;/SPAN&gt;&lt;/P&gt;&lt;/TD&gt;&lt;TD&gt;&lt;P STYLE="margin:0 0 0 0;"&gt;&lt;SPAN&gt;&lt;SPAN&gt;Text&lt;/SPAN&gt;&lt;/SPAN&gt;&lt;/P&gt;&lt;/TD&gt;&lt;TD&gt;&lt;P STYLE="margin:0 0 0 0;"&gt;&lt;SPAN&gt;&lt;SPAN&gt;OPA OWNER1&lt;/SPAN&gt;&lt;/SPAN&gt;&lt;/P&gt;&lt;/TD&gt;&lt;/TR&gt;&lt;TR&gt;&lt;TD&gt;&lt;P STYLE="margin:0 0 0 0;"&gt;&lt;SPAN&gt;&lt;SPAN&gt;OWNER2&lt;/SPAN&gt;&lt;/SPAN&gt;&lt;/P&gt;&lt;/TD&gt;&lt;TD&gt;&lt;P STYLE="margin:0 0 0 0;"&gt;&lt;SPAN&gt;&lt;SPAN&gt;Text&lt;/SPAN&gt;&lt;/SPAN&gt;&lt;/P&gt;&lt;/TD&gt;&lt;TD&gt;&lt;P STYLE="margin:0 0 0 0;"&gt;&lt;SPAN&gt;&lt;SPAN&gt;OPA OWNER2&lt;/SPAN&gt;&lt;/SPAN&gt;&lt;/P&gt;&lt;/TD&gt;&lt;/TR&gt;&lt;TR&gt;&lt;TD&gt;&lt;P STYLE="margin:0 0 0 0;"&gt;&lt;SPAN&gt;&lt;SPAN&gt;BLDG_CODE&lt;/SPAN&gt;&lt;/SPAN&gt;&lt;/P&gt;&lt;/TD&gt;&lt;TD&gt;&lt;P STYLE="margin:0 0 0 0;"&gt;&lt;SPAN&gt;&lt;SPAN&gt;Text&lt;/SPAN&gt;&lt;/SPAN&gt;&lt;/P&gt;&lt;/TD&gt;&lt;TD&gt;&lt;P STYLE="margin:0 0 0 0;"&gt;&lt;SPAN&gt;&lt;SPAN&gt;OPA BLDG CODE&lt;/SPAN&gt;&lt;/SPAN&gt;&lt;/P&gt;&lt;/TD&gt;&lt;/TR&gt;&lt;TR&gt;&lt;TD&gt;&lt;P STYLE="margin:0 0 0 0;"&gt;&lt;SPAN&gt;&lt;SPAN&gt;BLDG_DESC&lt;/SPAN&gt;&lt;/SPAN&gt;&lt;/P&gt;&lt;/TD&gt;&lt;TD&gt;&lt;P STYLE="margin:0 0 0 0;"&gt;&lt;SPAN&gt;&lt;SPAN&gt;Text&lt;/SPAN&gt;&lt;/SPAN&gt;&lt;/P&gt;&lt;/TD&gt;&lt;TD&gt;&lt;P STYLE="margin:0 0 0 0;"&gt;&lt;SPAN&gt;&lt;SPAN&gt;OPA BLDG TYPE DESCRIPTION&lt;/SPAN&gt;&lt;/SPAN&gt;&lt;/P&gt;&lt;/TD&gt;&lt;/TR&gt;&lt;TR&gt;&lt;TD&gt;&lt;P STYLE="margin:0 0 0 0;"&gt;&lt;SPAN&gt;&lt;SPAN&gt;BILLING_CLASS&lt;/SPAN&gt;&lt;/SPAN&gt;&lt;/P&gt;&lt;/TD&gt;&lt;TD&gt;&lt;P STYLE="margin:0 0 0 0;"&gt;&lt;SPAN&gt;&lt;SPAN&gt;Text&lt;/SPAN&gt;&lt;/SPAN&gt;&lt;/P&gt;&lt;/TD&gt;&lt;TD&gt;&lt;P STYLE="margin:0 0 0 0;"&gt;&lt;SPAN&gt;&lt;SPAN&gt;PROPERTY CLASSIFICATION USED IN BILLING A PARCEL FOR STORMWATER; EFFECTIVELY AN INTERPRETATION OF PWD&lt;/SPAN&gt;&lt;/SPAN&gt;&lt;SPAN&gt;&lt;SPAN&gt;’&lt;/SPAN&gt;&lt;/SPAN&gt;&lt;SPAN&gt;&lt;SPAN&gt;S BILLING REGULATIONS AS APPLIED TO BLDG_DESC&lt;/SPAN&gt;&lt;/SPAN&gt;&lt;/P&gt;&lt;/TD&gt;&lt;/TR&gt;&lt;TR&gt;&lt;TD&gt;&lt;P STYLE="margin:0 0 0 0;"&gt;&lt;SPAN&gt;&lt;SPAN&gt;BRT_ID&lt;/SPAN&gt;&lt;/SPAN&gt;&lt;/P&gt;&lt;/TD&gt;&lt;TD&gt;&lt;P STYLE="margin:0 0 0 0;"&gt;&lt;SPAN&gt;&lt;SPAN&gt;Text&lt;/SPAN&gt;&lt;/SPAN&gt;&lt;/P&gt;&lt;/TD&gt;&lt;TD&gt;&lt;P STYLE="margin:0 0 0 0;"&gt;&lt;SPAN&gt;&lt;SPAN&gt;BRT TAX ACCOUNT ID&lt;/SPAN&gt;&lt;/SPAN&gt;&lt;/P&gt;&lt;/TD&gt;&lt;/TR&gt;&lt;TR&gt;&lt;TD&gt;&lt;P STYLE="margin:0 0 0 0;"&gt;&lt;SPAN&gt;&lt;SPAN&gt;NUM_BRT&lt;/SPAN&gt;&lt;/SPAN&gt;&lt;/P&gt;&lt;/TD&gt;&lt;TD&gt;&lt;P STYLE="margin:0 0 0 0;"&gt;&lt;SPAN&gt;&lt;SPAN&gt;Long Integer&lt;/SPAN&gt;&lt;/SPAN&gt;&lt;/P&gt;&lt;/TD&gt;&lt;TD&gt;&lt;P STYLE="margin:0 0 0 0;"&gt;&lt;SPAN&gt;&lt;SPAN&gt;NUMBER OF OPA TAX ACCOUNTS IN PARCEL&lt;/SPAN&gt;&lt;/SPAN&gt;&lt;/P&gt;&lt;/TD&gt;&lt;/TR&gt;&lt;TR&gt;&lt;TD&gt;&lt;P STYLE="margin:0 0 0 0;"&gt;&lt;SPAN&gt;&lt;SPAN&gt;NUM_ACCOUNTS&lt;/SPAN&gt;&lt;/SPAN&gt;&lt;/P&gt;&lt;/TD&gt;&lt;TD&gt;&lt;P STYLE="margin:0 0 0 0;"&gt;&lt;SPAN&gt;&lt;SPAN&gt;Long Integer&lt;/SPAN&gt;&lt;/SPAN&gt;&lt;/P&gt;&lt;/TD&gt;&lt;TD&gt;&lt;P STYLE="margin:0 0 0 0;"&gt;&lt;SPAN&gt;&lt;SPAN&gt;NUMBER OF ACTIVE WATER ACCOUNTS IN PARCEL&lt;/SPAN&gt;&lt;/SPAN&gt;&lt;/P&gt;&lt;/TD&gt;&lt;/TR&gt;&lt;TR&gt;&lt;TD&gt;&lt;P STYLE="margin:0 0 0 0;"&gt;&lt;SPAN&gt;&lt;SPAN&gt;SENSITIVE_CLASS&lt;/SPAN&gt;&lt;/SPAN&gt;&lt;/P&gt;&lt;/TD&gt;&lt;TD&gt;&lt;P STYLE="margin:0 0 0 0;"&gt;&lt;SPAN&gt;&lt;SPAN&gt;Text&lt;/SPAN&gt;&lt;/SPAN&gt;&lt;/P&gt;&lt;/TD&gt;&lt;TD&gt;&lt;P STYLE="margin:0 0 0 0;"&gt;&lt;SPAN&gt;&lt;SPAN&gt;FLAG TO FILTER OUT PROPERTIES OWNED BY A PARTICULAR ENTITY/GROUP; MAINTENANCE OF THIS FIELD IS SPORADIC&lt;/SPAN&gt;&lt;/SPAN&gt;&lt;/P&gt;&lt;/TD&gt;&lt;/TR&gt;&lt;TR&gt;&lt;TD&gt;&lt;P STYLE="margin:0 0 0 0;"&gt;&lt;SPAN&gt;&lt;SPAN&gt;PARCEL_AREA&lt;/SPAN&gt;&lt;/SPAN&gt;&lt;/P&gt;&lt;/TD&gt;&lt;TD&gt;&lt;P STYLE="margin:0 0 0 0;"&gt;&lt;SPAN&gt;&lt;SPAN&gt;Long Integer&lt;/SPAN&gt;&lt;/SPAN&gt;&lt;/P&gt;&lt;/TD&gt;&lt;TD&gt;&lt;P STYLE="margin:0 0 0 0;"&gt;&lt;SPAN&gt;&lt;SPAN&gt;GROSS AREA OF PARCEL (IN SQ FT) AS CALCULATED FROM PARCEL POLYGON IN GIS&lt;/SPAN&gt;&lt;/SPAN&gt;&lt;/P&gt;&lt;/TD&gt;&lt;/TR&gt;&lt;TR&gt;&lt;TD&gt;&lt;P STYLE="margin:0 0 0 0;"&gt;&lt;SPAN&gt;&lt;SPAN&gt;GROSS_AREA&lt;/SPAN&gt;&lt;/SPAN&gt;&lt;/P&gt;&lt;/TD&gt;&lt;TD&gt;&lt;P STYLE="margin:0 0 0 0;"&gt;&lt;SPAN&gt;&lt;SPAN&gt;Long Integer&lt;/SPAN&gt;&lt;/SPAN&gt;&lt;/P&gt;&lt;/TD&gt;&lt;TD&gt;&lt;P STYLE="margin:0 0 0 0;"&gt;&lt;SPAN&gt;&lt;SPAN&gt;TOTAL GROSS AREA OF PARCEL (IN SQ FT)&lt;/SPAN&gt;&lt;/SPAN&gt;&lt;/P&gt;&lt;/TD&gt;&lt;/TR&gt;&lt;TR&gt;&lt;TD&gt;&lt;P STYLE="margin:0 0 0 0;"&gt;&lt;SPAN&gt;&lt;SPAN&gt;IMPERV_AREA&lt;/SPAN&gt;&lt;/SPAN&gt;&lt;/P&gt;&lt;/TD&gt;&lt;TD&gt;&lt;P STYLE="margin:0 0 0 0;"&gt;&lt;SPAN&gt;&lt;SPAN&gt;Long Integer&lt;/SPAN&gt;&lt;/SPAN&gt;&lt;/P&gt;&lt;/TD&gt;&lt;TD&gt;&lt;P STYLE="margin:0 0 0 0;"&gt;&lt;SPAN&gt;&lt;SPAN&gt;TOTAL IMPERVIOUS AREA OF PARCEL (IN SQ FT)&lt;/SPAN&gt;&lt;/SPAN&gt;&lt;/P&gt;&lt;/TD&gt;&lt;/TR&gt;&lt;TR&gt;&lt;TD&gt;&lt;P STYLE="margin:0 0 0 0;"&gt;&lt;SPAN&gt;&lt;SPAN&gt;FINAL_GROSS&lt;/SPAN&gt;&lt;/SPAN&gt;&lt;/P&gt;&lt;/TD&gt;&lt;TD&gt;&lt;P STYLE="margin:0 0 0 0;"&gt;&lt;SPAN&gt;&lt;SPAN&gt;Long Integer&lt;/SPAN&gt;&lt;/SPAN&gt;&lt;/P&gt;&lt;/TD&gt;&lt;TD&gt;&lt;P STYLE="margin:0 0 0 0;"&gt;&lt;SPAN&gt;&lt;SPAN&gt;GROSS_AREA, LESS ANY CREDITED GROSS AREA, ROUNDED UP TO NEXT 500 SQ FT&lt;/SPAN&gt;&lt;/SPAN&gt;&lt;/P&gt;&lt;/TD&gt;&lt;/TR&gt;&lt;TR&gt;&lt;TD&gt;&lt;P STYLE="margin:0 0 0 0;"&gt;&lt;SPAN&gt;&lt;SPAN&gt;FINAL_IMPERV&lt;/SPAN&gt;&lt;/SPAN&gt;&lt;/P&gt;&lt;/TD&gt;&lt;TD&gt;&lt;P STYLE="margin:0 0 0 0;"&gt;&lt;SPAN&gt;&lt;SPAN&gt;Long Integer&lt;/SPAN&gt;&lt;/SPAN&gt;&lt;/P&gt;&lt;/TD&gt;&lt;TD&gt;&lt;P STYLE="margin:0 0 0 0;"&gt;&lt;SPAN&gt;&lt;SPAN&gt;IMPERV_AREA, LESS ANY CREDITED IMPERVIOUS AREA, ROUNDED UP TO NEXT 500 SQ FT&lt;/SPAN&gt;&lt;/SPAN&gt;&lt;/P&gt;&lt;/TD&gt;&lt;/TR&gt;&lt;TR&gt;&lt;TD&gt;&lt;P STYLE="margin:0 0 0 0;"&gt;&lt;SPAN&gt;&lt;SPAN&gt;METER_CHARGE&lt;/SPAN&gt;&lt;/SPAN&gt;&lt;/P&gt;&lt;/TD&gt;&lt;TD&gt;&lt;P STYLE="margin:0 0 0 0;"&gt;&lt;SPAN&gt;&lt;SPAN&gt;Double&lt;/SPAN&gt;&lt;/SPAN&gt;&lt;/P&gt;&lt;/TD&gt;&lt;TD&gt;&lt;P STYLE="margin:0 0 0 0;"&gt;&lt;SPAN&gt;&lt;SPAN&gt;SUM OF ALL METERED-BASED STORMWATER CHARGES ON ALL ACTIVE WATER ACCOUNTS ON PARCEL; AMOUNT NO LONGER FACTORED INTO STORMWATER BILLING CHARGES, AS OF JULY 1, 2013.&lt;/SPAN&gt;&lt;/SPAN&gt;&lt;/P&gt;&lt;/TD&gt;&lt;/TR&gt;&lt;TR&gt;&lt;TD&gt;&lt;P STYLE="margin:0 0 0 0;"&gt;&lt;SPAN&gt;&lt;SPAN&gt;BRT_WEBSITE&lt;/SPAN&gt;&lt;/SPAN&gt;&lt;/P&gt;&lt;/TD&gt;&lt;TD&gt;&lt;P STYLE="margin:0 0 0 0;"&gt;&lt;SPAN&gt;&lt;SPAN&gt;Text&lt;/SPAN&gt;&lt;/SPAN&gt;&lt;/P&gt;&lt;/TD&gt;&lt;TD&gt;&lt;P STYLE="margin:0 0 0 0;"&gt;&lt;SPAN&gt;&lt;SPAN&gt;URL OF OPA WEBSITE FOR PARCEL&lt;/SPAN&gt;&lt;/SPAN&gt;&lt;SPAN&gt;&lt;SPAN&gt;’&lt;/SPAN&gt;&lt;/SPAN&gt;&lt;SPAN&gt;&lt;SPAN&gt;S OPA TAX ACCOUNT&lt;/SPAN&gt;&lt;/SPAN&gt;&lt;/P&gt;&lt;/TD&gt;&lt;/TR&gt;&lt;TR&gt;&lt;TD&gt;&lt;P STYLE="margin:0 0 0 0;"&gt;&lt;SPAN&gt;&lt;SPAN&gt;SHAPE.AREA&lt;/SPAN&gt;&lt;/SPAN&gt;&lt;/P&gt;&lt;/TD&gt;&lt;TD&gt;&lt;P STYLE="margin:0 0 0 0;"&gt;&lt;SPAN&gt;&lt;SPAN&gt;Double&lt;/SPAN&gt;&lt;/SPAN&gt;&lt;/P&gt;&lt;/TD&gt;&lt;TD&gt;&lt;P STYLE="margin:0 0 0 0;"&gt;&lt;SPAN&gt;&lt;SPAN&gt;AREA&lt;/SPAN&gt;&lt;/SPAN&gt;&lt;/P&gt;&lt;/TD&gt;&lt;/TR&gt;&lt;TR&gt;&lt;TD&gt;&lt;P STYLE="margin:0 0 0 0;"&gt;&lt;SPAN&gt;&lt;SPAN&gt;SHAPE.LEN&lt;/SPAN&gt;&lt;/SPAN&gt;&lt;/P&gt;&lt;/TD&gt;&lt;TD&gt;&lt;P STYLE="margin:0 0 0 0;"&gt;&lt;SPAN&gt;&lt;SPAN&gt;Double&lt;/SPAN&gt;&lt;/SPAN&gt;&lt;/P&gt;&lt;/TD&gt;&lt;TD&gt;&lt;P STYLE="margin:0 0 0 0;"&gt;&lt;SPAN&gt;&lt;SPAN&gt;LENGTH&lt;/SPAN&gt;&lt;/SPAN&gt;&lt;/P&gt;&lt;/TD&gt;&lt;/TR&gt;&lt;/TBODY&gt;&lt;/TABLE&gt;&lt;P&gt;&lt;SPAN /&gt;&lt;/P&gt;&lt;P&gt;&lt;SPAN&gt;To query for parcel vacancies, use the following SQL query in the BLDG_DESC field.&lt;/SPAN&gt;&lt;/P&gt;&lt;P&gt;&lt;SPAN&gt;SELECT * FROM PARCELS WHERE BLDG_DESC LIKE '%VAC%' in SQL or&lt;/SPAN&gt;&lt;/P&gt;&lt;P&gt;&lt;SPAN&gt;BLDG_DESC LIKE '%VAC%' in ARCMAP Select by Attribute window. &lt;/SPAN&gt;&lt;/P&gt;&lt;P&gt;&lt;SPAN&gt;The following categories are selected by the query.&lt;/SPAN&gt;&lt;/P&gt;&lt;TABLE&gt;&lt;TBODY&gt;&lt;TR&gt;&lt;TD&gt;&lt;P STYLE="margin:0 0 0 0;"&gt;&lt;SPAN&gt;&lt;SPAN&gt;VAC LAND COMM. &amp;lt; ACRE&lt;/SPAN&gt;&lt;/SPAN&gt;&lt;/P&gt;&lt;/TD&gt;&lt;/TR&gt;&lt;TR&gt;&lt;TD&gt;&lt;P STYLE="margin:0 0 0 0;"&gt;&lt;SPAN&gt;&lt;SPAN&gt;VAC LAND COMM. ACRE+&lt;/SPAN&gt;&lt;/SPAN&gt;&lt;/P&gt;&lt;/TD&gt;&lt;/TR&gt;&lt;TR&gt;&lt;TD&gt;&lt;P STYLE="margin:0 0 0 0;"&gt;&lt;SPAN&gt;&lt;SPAN&gt;VAC LAND IND &amp;lt; ACRE&lt;/SPAN&gt;&lt;/SPAN&gt;&lt;/P&gt;&lt;/TD&gt;&lt;/TR&gt;&lt;TR&gt;&lt;TD&gt;&lt;P STYLE="margin:0 0 0 0;"&gt;&lt;SPAN&gt;&lt;SPAN&gt;VAC LAND INDUS. ACRE+&lt;/SPAN&gt;&lt;/SPAN&gt;&lt;/P&gt;&lt;/TD&gt;&lt;/TR&gt;&lt;TR&gt;&lt;TD&gt;&lt;P STYLE="margin:0 0 0 0;"&gt;&lt;SPAN&gt;&lt;SPAN&gt;VAC LAND RES &amp;lt; ACRE&lt;/SPAN&gt;&lt;/SPAN&gt;&lt;/P&gt;&lt;/TD&gt;&lt;/TR&gt;&lt;TR&gt;&lt;TD&gt;&lt;P STYLE="margin:0 0 0 0;"&gt;&lt;SPAN&gt;&lt;SPAN&gt;VAC LAND RESID. ACRE+&lt;/SPAN&gt;&lt;/SPAN&gt;&lt;/P&gt;&lt;/TD&gt;&lt;/TR&gt;&lt;TR&gt;&lt;TD&gt;&lt;P STYLE="margin:0 0 0 0;"&gt;&lt;SPAN&gt;&lt;SPAN&gt;VACANT LAND BILLBOARD&lt;/SPAN&gt;&lt;/SPAN&gt;&lt;/P&gt;&lt;/TD&gt;&lt;/TR&gt;&lt;/TBODY&gt;&lt;/TABLE&gt;&lt;P&gt;&lt;SPAN /&gt;&lt;/P&gt;&lt;P&gt;&lt;SPAN /&gt;&lt;/P&gt;&lt;P&gt;&lt;SPAN&gt;Note that these are propoerties that are vacant (not developed), and not properties which are vacated (i.e. abandoned building). PARCELS layer doesn't have "Vacated property" information.&lt;/SPAN&gt;&lt;/P&gt;&lt;P&gt;&lt;SPAN&gt;_________________________________________________________________________________________________________________________________________________________________________________ &lt;/SPAN&gt;&lt;/P&gt;&lt;P&gt;&lt;SPAN&gt;- Feature updated: 03/2014&lt;/SPAN&gt;&lt;/P&gt;&lt;P&gt;&lt;SPAN&gt;- Attributes updated: 03/2014&lt;/SPAN&gt;&lt;/P&gt;&lt;P&gt;&lt;SPAN&gt;- Metadata updated: 05/2013&lt;/SPAN&gt;&lt;/P&gt;&lt;P&gt;&lt;SPAN&gt;- Update Frequency: Monthly&lt;/SPAN&gt;&lt;/P&gt;&lt;P&gt;&lt;SPAN /&gt;&lt;/P&gt;&lt;/DIV&gt;&lt;/DIV&gt;&lt;/DIV&gt;</idAbs><idCredit>PWD GIS Unit/Stormwater Billing Unit Contact: Larry Szarek, PWD GIS Manager 1101 Market St Philadelphia PA 19107 215-685-6333</idCredit><resConst><Consts><useLimit>&lt;DIV STYLE="text-align:Left;"&gt;&lt;DIV&gt;&lt;DIV&gt;&lt;P&gt;&lt;SPAN&gt;The City of Philadelphia makes no representation about the accuracy of any specific information in this GIS data and is provided “as is” and without Warranty of any kind. Boundaries are self-reported. The user of this data will assume complete responsibility for any and all occurrences resulting from its use or display and will hold the City of Philadelphia harmless from any and all claims, demands, liabilities, obligations, damages, suits, judgments or settlements, including reasonable costs and attorneys' fees, that arise from use of this data.&lt;/SPAN&gt;&lt;/P&gt;&lt;/DIV&gt;&lt;/DIV&gt;&lt;/DIV&gt;</useLimit></Consts></resConst></dataIdInfo><metainfo><metstdn>FGDC Content Standards for Digital Geospatial Metadata</metstdn><metstdv>FGDC-STD-001-1998</metstdv><mettc>local time</mettc><metc><cntinfo><cntorgp><cntper>REQUIRED: The person responsible for the metadata information.</cntper><cntorg>REQUIRED: The organization responsible for the metadata information.</cntorg></cntorgp><cntaddr><addrtype>REQUIRED: The mailing and/or physical address for the organization or individual.</addrtype><city>REQUIRED: The city of the address.</city><state>REQUIRED: The state or province of the address.</state><postal>REQUIRED: The ZIP or other postal code of the address.</postal></cntaddr><cntvoice>REQUIRED: The telephone number by which individuals can speak to the organization or individual.</cntvoice></cntinfo></metc><metd>20130717</metd></metainfo><mdLang><languageCode value="eng"/><countryCode value="USA"/></mdLang><mdChar><CharSetCd value="004"/></mdChar><mdHrLv><ScopeCd value="005"/></mdHrLv><mdHrLvName>dataset</mdHrLvName><distinfo><resdesc>Downloadable Data</resdesc></distinfo><distInfo><distributor><distorTran><onLineSrc><orDesc>002</orDesc><linkage>Server=pwdgis4; Service=sde:sqlserver:pwdgis4; Database=GISDATA; User=gisad; Version=sde.DEFAULT</linkage><protocol>ArcSDE Connection</protocol></onLineSrc></distorTran><distorFormat><formatName>SDE Feature Class</formatName></distorFormat></distributor><distFormat><formatName>SDE Feature Class</formatName></distFormat><distTranOps><transSize Sync="TRUE">0.000</transSize></distTranOps></distInfo><spdoinfo><direct>Vector</direct><ptvctinf><esriterm Name="PWD_PARCELS"><efeatyp Sync="TRUE">Simple</efeatyp><efeageom code="4" Sync="TRUE"></efeageom><esritopo Sync="TRUE">FALSE</esritopo><efeacnt Sync="TRUE">0</efeacnt><spindex Sync="TRUE">FALSE</spindex><linrefer Sync="TRUE">FALSE</linrefer></esriterm></ptvctinf></spdoinfo><spref><horizsys><planar><planci><plance>coordinate pair</plance><plandu>survey feet</plandu><coordrep><absres>0.000410</absres><ordres>0.000410</ordres></coordrep></planci></planar><geodetic><horizdn>North American Datum of 1983</horizdn><ellips>Geodetic Reference System 80</ellips><semiaxis>6378137.000000</semiaxis><denflat>298.257222</denflat></geodetic></horizsys><vertdef><altsys><altenc>Explicit elevation coordinate included with horizontal coordinates</altenc><altres>1.000000</altres></altsys></vertdef></spref><refSysInfo><RefSystem><refSysID><identCode code="2272">NAD_1983_StatePlane_Pennsylvania_South_FIPS_3702_Feet</identCode><idCodeSpace>EPSG</idCodeSpace><idVersion>7.11.2</idVersion></refSysID></RefSystem></refSysInfo><spatRepInfo><VectSpatRep><geometObjs Name="PWD_PARCELS"><geoObjTyp><GeoObjTypCd value="002" Sync="TRUE"></GeoObjTypCd></geoObjTyp><geoObjCnt Sync="TRUE">0</geoObjCnt></geometObjs><topLvl><TopoLevCd value="001" Sync="TRUE"></TopoLevCd></topLvl></VectSpatRep></spatRepInfo><eainfo><detailed Name="PWD_PARCELS"><enttyp><enttypl>GIS_WATER.PWD_PARCELS_rev</enttypl><enttypt Sync="TRUE">Feature Class</enttypt><enttypc Sync="TRUE">0</enttypc></enttyp><attr><attrlabl Sync="TRUE">FID</attrlabl><attalias Sync="TRUE">FID</attalias><attrtype Sync="TRUE">OID</attrtype><attwidth Sync="TRUE">4</attwidth><atprecis Sync="TRUE">0</atprecis><attscale Sync="TRUE">0</attscale><attrdef Sync="TRUE">Internal feature number.</attrdef><attrdefs Sync="TRUE">Esri</attrdefs><attrdomv><udom Sync="TRUE">Sequential unique whole numbers that are automatically generated.</udom></attrdomv></attr><attr><attrlabl>PARCELID</attrlabl><attrdef>UNIQUE PARCELID</attrdef><attalias Sync="TRUE">PARCELID</attalias><attrtype Sync="TRUE">Double</attrtype><attwidth Sync="TRUE">10</attwidth><atprecis Sync="TRUE">10</atprecis><attscale Sync="TRUE">0</attscale></attr><attr><attrlabl>TENCODE</attrlabl><attrdef>OPA TENCODE</attrdef><attalias Sync="TRUE">TENCODE</attalias><attrtype Sync="TRUE">String</attrtype><attwidth Sync="TRUE">10</attwidth><atprecis Sync="TRUE">0</atprecis><attscale Sync="TRUE">0</attscale></attr><attr><attrlabl>ADDRESS</attrlabl><attrdef>ADDRESS</attrdef><attalias Sync="TRUE">ADDRESS</attalias><attrtype Sync="TRUE">String</attrtype><attwidth Sync="TRUE">50</attwidth><atprecis Sync="TRUE">0</atprecis><attscale Sync="TRUE">0</attscale></attr><attr><attrlabl>OWNER1</attrlabl><attrdef>OPA OWNER1</attrdef><attalias Sync="TRUE">OWNER1</attalias><attrtype Sync="TRUE">String</attrtype><attwidth Sync="TRUE">50</attwidth><atprecis Sync="TRUE">0</atprecis><attscale Sync="TRUE">0</attscale></attr><attr><attrlabl>OWNER2</attrlabl><attrdef>OPA OWNER2</attrdef><attalias Sync="TRUE">OWNER2</attalias><attrtype Sync="TRUE">String</attrtype><attwidth Sync="TRUE">50</attwidth><atprecis Sync="TRUE">0</atprecis><attscale Sync="TRUE">0</attscale></attr><attr><attrlabl>BLDG_CODE</attrlabl><attrdef>OPA BLDG CODE</attrdef><attalias Sync="TRUE">BLDG_CODE</attalias><attrtype Sync="TRUE">String</attrtype><attwidth Sync="TRUE">5</attwidth><atprecis Sync="TRUE">0</atprecis><attscale Sync="TRUE">0</attscale></attr><attr><attrlabl>BLDG_DESC</attrlabl><attrdef>OPA BLDG TYPE DESCRIPTION</attrdef><attalias Sync="TRUE">BLDG_DESC</attalias><attrtype Sync="TRUE">String</attrtype><attwidth Sync="TRUE">50</attwidth><atprecis Sync="TRUE">0</atprecis><attscale Sync="TRUE">0</attscale></attr><attr><attrlabl>BRT_ID</attrlabl><attrdef>BRT TAX ACCOUNT ID</attrdef><attalias Sync="TRUE">BRT_ID</attalias><attrtype Sync="TRUE">String</attrtype><attwidth Sync="TRUE">10</attwidth><atprecis Sync="TRUE">0</atprecis><attscale Sync="TRUE">0</attscale></attr><attr><attrlabl Sync="TRUE">BILLING_CL</attrlabl><attalias Sync="TRUE">BILLING_CL</attalias><attrtype Sync="TRUE">String</attrtype><attwidth Sync="TRUE">25</attwidth><atprecis Sync="TRUE">0</atprecis><attscale Sync="TRUE">0</attscale></attr><attr><attrlabl>NUM_BRT</attrlabl><attrdef>NUMBER OF OPA TAX ACCOUNTS IN PARCEL</attrdef><attalias Sync="TRUE">NUM_BRT</attalias><attrtype Sync="TRUE">Double</attrtype><attwidth Sync="TRUE">10</attwidth><atprecis Sync="TRUE">10</atprecis><attscale Sync="TRUE">0</attscale></attr><attr><attrlabl>GROSS_AREA</attrlabl><attrdef>TOTAL GROSS AREA OF PARCEL (IN SQ FT)</attrdef><attalias Sync="TRUE">GROSS_AREA</attalias><attrtype Sync="TRUE">Double</attrtype><attwidth Sync="TRUE">10</attwidth><atprecis Sync="TRUE">10</atprecis><attscale Sync="TRUE">0</attscale></attr><attr><attrlabl Sync="TRUE">SENSITIVE_</attrlabl><attalias Sync="TRUE">SENSITIVE_</attalias><attrtype Sync="TRUE">String</attrtype><attwidth Sync="TRUE">25</attwidth><atprecis Sync="TRUE">0</atprecis><attscale Sync="TRUE">0</attscale></attr><attr><attrlabl Sync="TRUE">NUM_ACCOUN</attrlabl><attalias Sync="TRUE">NUM_ACCOUN</attalias><attrtype Sync="TRUE">Double</attrtype><attwidth Sync="TRUE">10</attwidth><atprecis Sync="TRUE">10</atprecis><attscale Sync="TRUE">0</attscale></attr><attr><attrlabl Sync="TRUE">PARCEL_ARE</attrlabl><attalias Sync="TRUE">PARCEL_ARE</attalias><attrtype Sync="TRUE">Double</attrtype><attwidth Sync="TRUE">10</attwidth><atprecis Sync="TRUE">10</atprecis><attscale Sync="TRUE">0</attscale></attr><attr><attrlabl>SHAPE</attrlabl><attrdef>Feature geometry.</attrdef><attrdefs>ESRI</attrdefs><attrdomv><udom>Coordinates defining the features.</udom></attrdomv><attalias Sync="TRUE">Shape</attalias><attrtype Sync="TRUE">Geometry</attrtype><attwidth Sync="TRUE">0</attwidth><atprecis Sync="TRUE">0</atprecis><attscale Sync="TRUE">0</attscale></attr><attr><attrlabl Sync="TRUE">IMPERV_ARE</attrlabl><attalias Sync="TRUE">IMPERV_ARE</attalias><attrtype Sync="TRUE">Double</attrtype><attwidth Sync="TRUE">10</attwidth><atprecis Sync="TRUE">10</atprecis><attscale Sync="TRUE">0</attscale></attr><attr><attrlabl Sync="TRUE">FINAL_GROS</attrlabl><attalias Sync="TRUE">FINAL_GROS</attalias><attrtype Sync="TRUE">Double</attrtype><attwidth Sync="TRUE">10</attwidth><atprecis Sync="TRUE">10</atprecis><attscale Sync="TRUE">0</attscale></attr><attr><attrlabl Sync="TRUE">FINAL_IMPE</attrlabl><attalias Sync="TRUE">FINAL_IMPE</attalias><attrtype Sync="TRUE">Double</attrtype><attwidth Sync="TRUE">10</attwidth><atprecis Sync="TRUE">10</atprecis><attscale Sync="TRUE">0</attscale></attr><attr><attrlabl Sync="TRUE">METER_CHAR</attrlabl><attalias Sync="TRUE">METER_CHAR</attalias><attrtype Sync="TRUE">Double</attrtype><attwidth Sync="TRUE">19</attwidth><atprecis Sync="TRUE">18</atprecis><attscale Sync="TRUE">8</attscale></attr><attr><attrlabl Sync="TRUE">BRT_WEBSIT</attrlabl><attalias Sync="TRUE">BRT_WEBSIT</attalias><attrtype Sync="TRUE">String</attrtype><attwidth Sync="TRUE">250</attwidth><atprecis Sync="TRUE">0</atprecis><attscale Sync="TRUE">0</attscale></attr><attr><attrlabl Sync="TRUE">SHAPE_AREA</attrlabl><attalias Sync="TRUE">SHAPE_AREA</attalias><attrtype Sync="TRUE">Double</attrtype><attwidth Sync="TRUE">19</attwidth><atprecis Sync="TRUE">0</atprecis><attscale Sync="TRUE">0</attscale><attrdef Sync="TRUE">Area of feature in internal units squared.</attrdef><attrdefs Sync="TRUE">Esri</attrdefs><attrdomv><udom Sync="TRUE">Positive real numbers that are automatically generated.</udom></attrdomv></attr><attr><attrlabl Sync="TRUE">SHAPE_LEN</attrlabl><attalias Sync="TRUE">SHAPE_LEN</attalias><attrtype Sync="TRUE">Double</attrtype><attwidth Sync="TRUE">19</attwidth><atprecis Sync="TRUE">0</atprecis><attscale Sync="TRUE">0</attscale></attr></detailed></eainfo><mdDateSt>20140308</mdDateSt><Esri><DataProperties><itemProps><itemName Sync="TRUE">PWD_PARCELS</itemName><imsContentType Sync="TRUE">002</imsContentType><nativeExtBox><westBL Sync="TRUE">2660590.100444</westBL><eastBL Sync="TRUE">2749812.501149</eastBL><southBL Sync="TRUE">206371.903225</southBL><northBL Sync="TRUE">304914.375103</northBL><exTypeCode Sync="TRUE">1</exTypeCode></nativeExtBox><itemLocation><linkage Sync="TRUE">file://\\28-ARAMMCCAR01\C$\Users\maryellen.mccarty\Documents\GitHub\WaterDept-geodata\PWD_PARCELS\shapefile\temp\PWD_PARCELS.shp</linkage><protocol Sync="TRUE">Local Area Network</protocol></itemLocation><itemSize Sync="TRUE">0.000</itemSize></itemProps><coordRef><type Sync="TRUE">Projected</type><geogcsn Sync="TRUE">GCS_North_American_1983</geogcsn><csUnits Sync="TRUE">Linear Unit: Foot_US (0.304801)</csUnits><projcsn Sync="TRUE">NAD_1983_StatePlane_Pennsylvania_South_FIPS_3702_Feet</projcsn><peXml Sync="TRUE">&lt;ProjectedCoordinateSystem xsi:type='typens:ProjectedCoordinateSystem' xmlns:xsi='http://www.w3.org/2001/XMLSchema-instance' xmlns:xs='http://www.w3.org/2001/XMLSchema' xmlns:typens='http://www.esri.com/schemas/ArcGIS/10.1'&gt;&lt;WKT&gt;PROJCS[&amp;quot;NAD_1983_StatePlane_Pennsylvania_South_FIPS_3702_Feet&amp;quot;,GEOGCS[&amp;quot;GCS_North_American_1983&amp;quot;,DATUM[&amp;quot;D_North_American_1983&amp;quot;,SPHEROID[&amp;quot;GRS_1980&amp;quot;,6378137.0,298.257222101]],PRIMEM[&amp;quot;Greenwich&amp;quot;,0.0],UNIT[&amp;quot;Degree&amp;quot;,0.0174532925199433]],PROJECTION[&amp;quot;Lambert_Conformal_Conic&amp;quot;],PARAMETER[&amp;quot;False_Easting&amp;quot;,1968500.0],PARAMETER[&amp;quot;False_Northing&amp;quot;,0.0],PARAMETER[&amp;quot;Central_Meridian&amp;quot;,-77.75],PARAMETER[&amp;quot;Standard_Parallel_1&amp;quot;,39.93333333333333],PARAMETER[&amp;quot;Standard_Parallel_2&amp;quot;,40.96666666666667],PARAMETER[&amp;quot;Latitude_Of_Origin&amp;quot;,39.33333333333334],UNIT[&amp;quot;Foot_US&amp;quot;,0.3048006096012192],AUTHORITY[&amp;quot;EPSG&amp;quot;,2272]]&lt;/WKT&gt;&lt;XOrigin&gt;-119214200&lt;/XOrigin&gt;&lt;YOrigin&gt;-96198500&lt;/YOrigin&gt;&lt;XYScale&gt;37163717.489134133&lt;/XYScale&gt;&lt;ZOrigin&gt;-100000&lt;/ZOrigin&gt;&lt;ZScale&gt;10000&lt;/ZScale&gt;&lt;MOrigin&gt;-100000&lt;/MOrigin&gt;&lt;MScale&gt;10000&lt;/MScale&gt;&lt;XYTolerance&gt;0.0032808333333333331&lt;/XYTolerance&gt;&lt;ZTolerance&gt;0.001&lt;/ZTolerance&gt;&lt;MTolerance&gt;0.001&lt;/MTolerance&gt;&lt;HighPrecision&gt;true&lt;/HighPrecision&gt;&lt;WKID&gt;102729&lt;/WKID&gt;&lt;LatestWKID&gt;2272&lt;/LatestWKID&gt;&lt;/ProjectedCoordinateSystem&gt;</peXml></coordRef><lineage><Process ToolSource="c:\program files\arcgis\desktop10.1\ArcToolbox\Toolboxes\Data Management Tools.tbx\CopyFeatures" Date="20140327" Time="092831">CopyFeatures temp_layer C:\Users\maryellen.mccarty\Documents\GitHub\WaterDept-geodata\PWD_PARCELS\shapefile\temp\PWD_PARCELS.shp # 0 0 0</Process><Process ToolSource="c:\program files\arcgis\desktop10.1\ArcToolbox\Toolboxes\Data Management Tools.tbx\Project" Date="20140327" Time="093038">Project C:\Users\maryellen.mccarty\Documents\GitHub\WaterDept-geodata\PWD_PARCELS\shapefile\temp\PWD_PARCELS.shp C:\Users\maryellen.mccarty\Documents\GitHub\WaterDept-geodata\PWD_PARCELS\shapefile\PWD_PARCELS.shp GEOGCS['GCS_WGS_1984',DATUM['D_WGS_1984',SPHEROID['WGS_1984',6378137.0,298.257223563]],PRIMEM['Greenwich',0.0],UNIT['Degree',0.0174532925199433],METADATA['World',-180.0,-90.0,180.0,90.0,0.0,0.0174532925199433,0.0,1262]] WGS_1984_(ITRF00)_To_NAD_1983 PROJCS['NAD_1983_StatePlane_Pennsylvania_South_FIPS_3702_Feet',GEOGCS['GCS_North_American_1983',DATUM['D_North_American_1983',SPHEROID['GRS_1980',6378137.0,298.257222101]],PRIMEM['Greenwich',0.0],UNIT['Degree',0.0174532925199433]],PROJECTION['Lambert_Conformal_Conic'],PARAMETER['False_Easting',1968500.0],PARAMETER['False_Northing',0.0],PARAMETER['Central_Meridian',-77.75],PARAMETER['Standard_Parallel_1',39.93333333333333],PARAMETER['Standard_Parallel_2',40.96666666666667],PARAMETER['Latitude_Of_Origin',39.33333333333334],UNIT['Foot_US',0.3048006096012192]]</Process></lineage></DataProperties><SyncDate>20140327</SyncDate><SyncTime>09264200</SyncTime><ModDate>20140327</ModDate><ModTime>09264200</ModTime><CreaDate>20140327</CreaDate><CreaTime>09301500</CreaTime><ArcGISFormat>1.0</ArcGISFormat><SyncOnce>TRUE</SyncOnce></Esri></metadata>
