<?xml version="1.0" encoding="UTF-8"?>
<metadata xml:lang="en"><Esri><CreaDate>20140327</CreaDate><CreaTime>15482600</CreaTime><SyncOnce>FALSE</SyncOnce><SyncDate>20140327</SyncDate><SyncTime>15482000</SyncTime><ModDate>20140327</ModDate><ModTime>15482000</ModTime><DataProperties><lineage><Process Name="DefineProjection_1" ToolSource="C:\Documents and Settings\angellja\Application Data\ESRI\ArcToolbox\My Toolboxes\MyTools.tbx\DefineProjection" Date="20050826" Time="072323" export="">DefineProjection E:\Data\PWD\shapefiles\modelshds2.shp PROJCS['NAD_1983_StatePlane_Pennsylvania_South_FIPS_3702_Feet',GEOGCS['GCS_North_American_1983',DATUM['D_North_American_1983',SPHEROID['GRS_1980',6378137.0,298.257222101]],PRIMEM['Greenwich',0.0],UNIT['Degree',0.0174532925199433]],PROJECTION['Lambert_Conformal_Conic'],PARAMETER['False_Easting',1968500.0],PARAMETER['False_Northing',0.0],PARAMETER['Central_Meridian',-77.75],PARAMETER['Standard_Parallel_1',39.93333333333333],PARAMETER['Standard_Parallel_2',40.96666666666667],PARAMETER['Latitude_Of_Origin',39.33333333333334],UNIT['Foot_US',0.3048006096012192]] E:\Data\PWD\shapefiles\modelshds2.shp</Process><Process Name="DefineProjection_1" ToolSource="C:\Documents and Settings\angellja\Application Data\ESRI\ArcToolbox\My Toolboxes\MyTools.tbx\DefineProjection" Date="20060127" Time="164509" export="">DefineProjection E:\Data\PWD\shapefiles\toPWD\modelsheds.shp PROJCS['NAD_1983_StatePlane_Pennsylvania_South_FIPS_3702_Feet',GEOGCS['GCS_North_American_1983',DATUM['D_North_American_1983',SPHEROID['GRS_1980',6378137.0,298.257222101]],PRIMEM['Greenwich',0.0],UNIT['Degree',0.0174532925199433]],PROJECTION['Lambert_Conformal_Conic'],PARAMETER['False_Easting',1968500.0],PARAMETER['False_Northing',0.0],PARAMETER['Central_Meridian',-77.75],PARAMETER['Standard_Parallel_1',39.93333333333333],PARAMETER['Standard_Parallel_2',40.96666666666667],PARAMETER['Latitude_Of_Origin',39.33333333333334],UNIT['Foot_US',0.3048006096012192]] E:\Data\PWD\shapefiles\toPWD\modelsheds.shp</Process><Process Name="CalculateField_1" ToolSource="C:\Documents and Settings\angellja\Application Data\ESRI\ArcToolbox\My Toolboxes\MyTools.tbx\CalculateField" Date="20061215" Time="103235" export="">CalculateField E:\Data\PWD\shapefiles\Monitoring\All-Sheds.mdb\Sheds\ModelingSheds NEHL_ [NEHL] E:\Data\PWD\shapefiles\Monitoring\All-Sheds.mdb\Sheds\ModelingSheds</Process><Process ToolSource="C:\Program Files\ArcGIS\ArcToolbox\Toolboxes\Conversion Tools.tbx\FeatureClassToFeatureClass" Date="20100216" Time="115612" Name="" export="">FeatureClassToFeatureClass X:\Shapefiles\Sheds\Sewersheds\modelsheds.shp "Database Connections\Watersheds.sde\OWS_GISDATA.OWS.WATERSHEDS" modelsheds_2010 # "OBJECTID_1 'OBJECTID_1' true true false 9 Long 0 9 ,First,#,X:\Shapefiles\Sheds\Sewersheds\modelsheds.shp,OBJECTID_1,-1,-1;SHEDNAME 'SHEDNAME' true true false 16 Text 0 0 ,First,#,X:\Shapefiles\Sheds\Sewersheds\modelsheds.shp,SHEDNAME,-1,-1;OUTLET 'OUTLET' true true false 16 Text 0 0 ,First,#,X:\Shapefiles\Sheds\Sewersheds\modelsheds.shp,OUTLET,-1,-1;ACRES 'ACRES' true true false 19 Double 11 18 ,First,#,X:\Shapefiles\Sheds\Sewersheds\modelsheds.shp,ACRES,-1,-1;RAINGAUGE 'RAINGAUGE' true true false 16 Text 0 0 ,First,#,X:\Shapefiles\Sheds\Sewersheds\modelsheds.shp,RAINGAUGE,-1,-1;WATERSHED 'WATERSHED' true true false 3 Text 0 0 ,First,#,X:\Shapefiles\Sheds\Sewersheds\modelsheds.shp,WATERSHED,-1,-1;DISTRICT 'DISTRICT' true true false 16 Text 0 0 ,First,#,X:\Shapefiles\Sheds\Sewersheds\modelsheds.shp,DISTRICT,-1,-1;INTERCEPTO 'INTERCEPTO' true true false 16 Text 0 0 ,First,#,X:\Shapefiles\Sheds\Sewersheds\modelsheds.shp,INTERCEPTO,-1,-1;CSO_SUBBAS 'CSO_SUBBAS' true true false 16 Text 0 0 ,First,#,X:\Shapefiles\Sheds\Sewersheds\modelsheds.shp,CSO_SUBBAS,-1,-1;FLOWMETER 'FLOWMETER' true true false 16 Text 0 0 ,First,#,X:\Shapefiles\Sheds\Sewersheds\modelsheds.shp,FLOWMETER,-1,-1;PUMPSTA 'PUMPSTA' true true false 16 Text 0 0 ,First,#,X:\Shapefiles\Sheds\Sewersheds\modelsheds.shp,PUMPSTA,-1,-1;MUNINAME 'MUNINAME' true true false 30 Text 0 0 ,First,#,X:\Shapefiles\Sheds\Sewersheds\modelsheds.shp,MUNINAME,-1,-1;COMMENT 'COMMENT' true true false 30 Text 0 0 ,First,#,X:\Shapefiles\Sheds\Sewersheds\modelsheds.shp,COMMENT,-1,-1;LOCATION 'LOCATION' true true false 30 Text 0 0 ,First,#,X:\Shapefiles\Sheds\Sewersheds\modelsheds.shp,LOCATION,-1,-1;TYPE 'TYPE' true true false 2 Text 0 0 ,First,#,X:\Shapefiles\Sheds\Sewersheds\modelsheds.shp,TYPE,-1,-1;CONTRACT_N 'CONTRACT_N' true true false 25 Text 0 0 ,First,#,X:\Shapefiles\Sheds\Sewersheds\modelsheds.shp,CONTRACT_N,-1,-1;COMMETER 'COMMETER' true true false 16 Text 0 0 ,First,#,X:\Shapefiles\Sheds\Sewersheds\modelsheds.shp,COMMETER,-1,-1;COLLECTOR 'COLLECTOR' true true false 50 Text 0 0 ,First,#,X:\Shapefiles\Sheds\Sewersheds\modelsheds.shp,COLLECTOR,-1,-1;OUTLY 'OUTLY' true true false 9 Long 0 9 ,First,#,X:\Shapefiles\Sheds\Sewersheds\modelsheds.shp,OUTLY,-1,-1;NEHL 'NEHL' true true false 9 Long 0 9 ,First,#,X:\Shapefiles\Sheds\Sewersheds\modelsheds.shp,NEHL,-1,-1;NELL 'NELL' true true false 9 Long 0 9 ,First,#,X:\Shapefiles\Sheds\Sewersheds\modelsheds.shp,NELL,-1,-1;SW 'SW' true true false 9 Long 0 9 ,First,#,X:\Shapefiles\Sheds\Sewersheds\modelsheds.shp,SW,-1,-1;SE 'SE' true true false 9 Long 0 9 ,First,#,X:\Shapefiles\Sheds\Sewersheds\modelsheds.shp,SE,-1,-1;SHAPE_LENG 'SHAPE_LENG' true true false 19 Double 11 18 ,First,#,X:\Shapefiles\Sheds\Sewersheds\modelsheds.shp,SHAPE_LENG,-1,-1;SHAPE_AREA 'SHAPE_AREA' true true false 19 Double 11 18 ,First,#,X:\Shapefiles\Sheds\Sewersheds\modelsheds.shp,SHAPE_AREA,-1,-1;VARIABLE 'VARIABLE' true true false 4 Text 0 0 ,First,#,X:\Shapefiles\Sheds\Sewersheds\modelsheds.shp,VARIABLE,-1,-1" # "Database Connections\Watersheds.sde\OWS_GISDATA.OWS.WATERSHEDS\OWS_GISDATA.OWS.modelsheds_2010"</Process><Process ToolSource="C:\Program Files\ArcGIS\ArcToolbox\Toolboxes\Conversion Tools.tbx\FeatureClassToFeatureClass" Date="20100811" Time="141200" Name="" export="">FeatureClassToFeatureClass "Database Connections\Watersheds.sde\OWS_GISDATA.OWS.WATERSHEDS\OWS_GISDATA.OWS.modelsheds_2010" F:\Backups.mdb modelsheds_2010 # "OBJECTID_1 'OBJECTID_1' true true false 4 Long 0 10 ,First,#,Database Connections\Watersheds.sde\OWS_GISDATA.OWS.WATERSHEDS\OWS_GISDATA.OWS.modelsheds_2010,OBJECTID_1,-1,-1;SHEDNAME 'SHEDNAME' true true false 16 Text 0 0 ,First,#,Database Connections\Watersheds.sde\OWS_GISDATA.OWS.WATERSHEDS\OWS_GISDATA.OWS.modelsheds_2010,SHEDNAME,-1,-1;OUTLET 'OUTLET' true true false 16 Text 0 0 ,First,#,Database Connections\Watersheds.sde\OWS_GISDATA.OWS.WATERSHEDS\OWS_GISDATA.OWS.modelsheds_2010,OUTLET,-1,-1;ACRES 'ACRES' true true false 8 Double 11 19 ,First,#,Database Connections\Watersheds.sde\OWS_GISDATA.OWS.WATERSHEDS\OWS_GISDATA.OWS.modelsheds_2010,ACRES,-1,-1;RAINGAUGE 'RAINGAUGE' true true false 16 Text 0 0 ,First,#,Database Connections\Watersheds.sde\OWS_GISDATA.OWS.WATERSHEDS\OWS_GISDATA.OWS.modelsheds_2010,RAINGAUGE,-1,-1;WATERSHED 'WATERSHED' true true false 3 Text 0 0 ,First,#,Database Connections\Watersheds.sde\OWS_GISDATA.OWS.WATERSHEDS\OWS_GISDATA.OWS.modelsheds_2010,WATERSHED,-1,-1;DISTRICT 'DISTRICT' true true false 16 Text 0 0 ,First,#,Database Connections\Watersheds.sde\OWS_GISDATA.OWS.WATERSHEDS\OWS_GISDATA.OWS.modelsheds_2010,DISTRICT,-1,-1;INTERCEPTO 'INTERCEPTO' true true false 16 Text 0 0 ,First,#,Database Connections\Watersheds.sde\OWS_GISDATA.OWS.WATERSHEDS\OWS_GISDATA.OWS.modelsheds_2010,INTERCEPTO,-1,-1;CSO_SUBBAS 'CSO_SUBBAS' true true false 16 Text 0 0 ,First,#,Database Connections\Watersheds.sde\OWS_GISDATA.OWS.WATERSHEDS\OWS_GISDATA.OWS.modelsheds_2010,CSO_SUBBAS,-1,-1;FLOWMETER 'FLOWMETER' true true false 16 Text 0 0 ,First,#,Database Connections\Watersheds.sde\OWS_GISDATA.OWS.WATERSHEDS\OWS_GISDATA.OWS.modelsheds_2010,FLOWMETER,-1,-1;PUMPSTA 'PUMPSTA' true true false 16 Text 0 0 ,First,#,Database Connections\Watersheds.sde\OWS_GISDATA.OWS.WATERSHEDS\OWS_GISDATA.OWS.modelsheds_2010,PUMPSTA,-1,-1;MUNINAME 'MUNINAME' true true false 30 Text 0 0 ,First,#,Database Connections\Watersheds.sde\OWS_GISDATA.OWS.WATERSHEDS\OWS_GISDATA.OWS.modelsheds_2010,MUNINAME,-1,-1;COMMENT 'COMMENT' true true false 30 Text 0 0 ,First,#,Database Connections\Watersheds.sde\OWS_GISDATA.OWS.WATERSHEDS\OWS_GISDATA.OWS.modelsheds_2010,COMMENT,-1,-1;LOCATION 'LOCATION' true true false 30 Text 0 0 ,First,#,Database Connections\Watersheds.sde\OWS_GISDATA.OWS.WATERSHEDS\OWS_GISDATA.OWS.modelsheds_2010,LOCATION,-1,-1;TYPE 'TYPE' true true false 2 Text 0 0 ,First,#,Database Connections\Watersheds.sde\OWS_GISDATA.OWS.WATERSHEDS\OWS_GISDATA.OWS.modelsheds_2010,TYPE,-1,-1;CONTRACT_N 'CONTRACT_N' true true false 25 Text 0 0 ,First,#,Database Connections\Watersheds.sde\OWS_GISDATA.OWS.WATERSHEDS\OWS_GISDATA.OWS.modelsheds_2010,CONTRACT_N,-1,-1;COMMETER 'COMMETER' true true false 16 Text 0 0 ,First,#,Database Connections\Watersheds.sde\OWS_GISDATA.OWS.WATERSHEDS\OWS_GISDATA.OWS.modelsheds_2010,COMMETER,-1,-1;COLLECTOR 'COLLECTOR' true true false 50 Text 0 0 ,First,#,Database Connections\Watersheds.sde\OWS_GISDATA.OWS.WATERSHEDS\OWS_GISDATA.OWS.modelsheds_2010,COLLECTOR,-1,-1;OUTLY 'OUTLY' true true false 4 Long 0 10 ,First,#,Database Connections\Watersheds.sde\OWS_GISDATA.OWS.WATERSHEDS\OWS_GISDATA.OWS.modelsheds_2010,OUTLY,-1,-1;NEHL 'NEHL' true true false 4 Long 0 10 ,First,#,Database Connections\Watersheds.sde\OWS_GISDATA.OWS.WATERSHEDS\OWS_GISDATA.OWS.modelsheds_2010,NEHL,-1,-1;NELL 'NELL' true true false 4 Long 0 10 ,First,#,Database Connections\Watersheds.sde\OWS_GISDATA.OWS.WATERSHEDS\OWS_GISDATA.OWS.modelsheds_2010,NELL,-1,-1;SW 'SW' true true false 4 Long 0 10 ,First,#,Database Connections\Watersheds.sde\OWS_GISDATA.OWS.WATERSHEDS\OWS_GISDATA.OWS.modelsheds_2010,SW,-1,-1;SE 'SE' true true false 4 Long 0 10 ,First,#,Database Connections\Watersheds.sde\OWS_GISDATA.OWS.WATERSHEDS\OWS_GISDATA.OWS.modelsheds_2010,SE,-1,-1;SHAPE_LENG 'SHAPE_LENG' true true false 8 Double 11 19 ,First,#,Database Connections\Watersheds.sde\OWS_GISDATA.OWS.WATERSHEDS\OWS_GISDATA.OWS.modelsheds_2010,SHAPE_LENG,-1,-1;VARIABLE 'VARIABLE' true true false 4 Text 0 0 ,First,#,Database Connections\Watersheds.sde\OWS_GISDATA.OWS.WATERSHEDS\OWS_GISDATA.OWS.modelsheds_2010,VARIABLE,-1,-1;checked_by 'checked_by' true true false 2 Short 0 5 ,First,#,Database Connections\Watersheds.sde\OWS_GISDATA.OWS.WATERSHEDS\OWS_GISDATA.OWS.modelsheds_2010,checked_by,-1,-1;Shape_area 'Shape_area' false false true 0 Double 0 0 ,First,#,Database Connections\Watersheds.sde\OWS_GISDATA.OWS.WATERSHEDS\OWS_GISDATA.OWS.modelsheds_2010,Shape.area,-1,-1;Shape_len 'Shape_len' false false true 0 Double 0 0 ,First,#,Database Connections\Watersheds.sde\OWS_GISDATA.OWS.WATERSHEDS\OWS_GISDATA.OWS.modelsheds_2010,Shape.len,-1,-1" # F:\Backups.mdb\modelsheds_2010</Process><Process ToolSource="C:\Program Files\ArcGIS\ArcToolbox\Toolboxes\Data Management Tools.tbx\CopyFeatures" Date="20100811" Time="141455" Name="" export="">CopyFeatures F:\Backups.mdb\modelsheds_2010 "Database Connections\Watersheds.sde\OWS_GISDATA.OWS.WATERSHEDS\OWS_GISDATA.OWS.modelsheds_2010" # 0 0 0</Process><Process ToolSource="C:\Program Files\ArcGIS\ArcToolbox\Toolboxes\Data Management Tools.tbx\Append" Date="20101214" Time="095206" Name="" export="">Append modelsheds OWS_GISDATA.OWS.modelsheds_2010 NO_TEST "OBJECTID_1 'OBJECTID_1' true true false 4 Long 0 10 ,First,#,X:\Shapefiles\Sheds\Sewersheds\modelsheds.shp,OBJECTID_1,-1,-1;SHEDNAME 'SHEDNAME' true true false 16 Text 0 0 ,First,#,X:\Shapefiles\Sheds\Sewersheds\modelsheds.shp,SHEDNAME,-1,-1;OUTLET 'OUTLET' true true false 16 Text 0 0 ,First,#,X:\Shapefiles\Sheds\Sewersheds\modelsheds.shp,OUTLET,-1,-1;ACRES 'ACRES' true true false 8 Double 8 38 ,First,#,X:\Shapefiles\Sheds\Sewersheds\modelsheds.shp,ACRES,-1,-1;RAINGAUGE 'RAINGAUGE' true true false 16 Text 0 0 ,First,#,X:\Shapefiles\Sheds\Sewersheds\modelsheds.shp,RAINGAUGE,-1,-1;WATERSHED 'WATERSHED' true true false 3 Text 0 0 ,First,#,X:\Shapefiles\Sheds\Sewersheds\modelsheds.shp,WATERSHED,-1,-1;DISTRICT 'DISTRICT' true true false 16 Text 0 0 ,First,#,X:\Shapefiles\Sheds\Sewersheds\modelsheds.shp,DISTRICT,-1,-1;INTERCEPTO 'INTERCEPTO' true true false 16 Text 0 0 ,First,#,X:\Shapefiles\Sheds\Sewersheds\modelsheds.shp,INTERCEPTO,-1,-1;CSO_SUBBAS 'CSO_SUBBAS' true true false 16 Text 0 0 ,First,#,X:\Shapefiles\Sheds\Sewersheds\modelsheds.shp,CSO_SUBBAS,-1,-1;FLOWMETER 'FLOWMETER' true true false 16 Text 0 0 ,First,#,X:\Shapefiles\Sheds\Sewersheds\modelsheds.shp,FLOWMETER,-1,-1;PUMPSTA 'PUMPSTA' true true false 16 Text 0 0 ,First,#,X:\Shapefiles\Sheds\Sewersheds\modelsheds.shp,PUMPSTA,-1,-1;MUNINAME 'MUNINAME' true true false 30 Text 0 0 ,First,#,X:\Shapefiles\Sheds\Sewersheds\modelsheds.shp,MUNINAME,-1,-1;COMMENT 'COMMENT' true true false 30 Text 0 0 ,First,#,X:\Shapefiles\Sheds\Sewersheds\modelsheds.shp,COMMENT,-1,-1;LOCATION 'LOCATION' true true false 30 Text 0 0 ,First,#,X:\Shapefiles\Sheds\Sewersheds\modelsheds.shp,LOCATION,-1,-1;TYPE 'TYPE' true true false 2 Text 0 0 ,First,#,X:\Shapefiles\Sheds\Sewersheds\modelsheds.shp,TYPE,-1,-1;CONTRACT_N 'CONTRACT_N' true true false 25 Text 0 0 ,First,#,X:\Shapefiles\Sheds\Sewersheds\modelsheds.shp,CONTRACT_N,-1,-1;COMMETER 'COMMETER' true true false 16 Text 0 0 ,First,#,X:\Shapefiles\Sheds\Sewersheds\modelsheds.shp,COMMETER,-1,-1;COLLECTOR 'COLLECTOR' true true false 50 Text 0 0 ,First,#,X:\Shapefiles\Sheds\Sewersheds\modelsheds.shp,COLLECTOR,-1,-1;OUTLY 'OUTLY' true true false 4 Long 0 10 ,First,#,X:\Shapefiles\Sheds\Sewersheds\modelsheds.shp,OUTLY,-1,-1;NEHL 'NEHL' true true false 4 Long 0 10 ,First,#,X:\Shapefiles\Sheds\Sewersheds\modelsheds.shp,NEHL,-1,-1;NELL 'NELL' true true false 4 Long 0 10 ,First,#,X:\Shapefiles\Sheds\Sewersheds\modelsheds.shp,NELL,-1,-1;SW 'SW' true true false 4 Long 0 10 ,First,#,X:\Shapefiles\Sheds\Sewersheds\modelsheds.shp,SW,-1,-1;SE 'SE' true true false 4 Long 0 10 ,First,#,X:\Shapefiles\Sheds\Sewersheds\modelsheds.shp,SE,-1,-1;SHAPE_LENG 'SHAPE_LENG' true true false 8 Double 8 38 ,First,#,X:\Shapefiles\Sheds\Sewersheds\modelsheds.shp,SHAPE_LENG,-1,-1;VARIABLE 'VARIABLE' true true false 4 Text 0 0 ,First,#,X:\Shapefiles\Sheds\Sewersheds\modelsheds.shp,VARIABLE,-1,-1;checked_by 'checked_by' true true false 2 Short 0 5 ,First,#;Editor 'Editor' true true false 6 Text 0 0 ,First,#;Edit_Date 'Edit_Date' true true false 36 Date 0 0 ,First,#;Shape.area 'Shape.area' false false true 0 Double 0 0 ,First,#;Shape.len 'Shape.len' false false true 0 Double 0 0 ,First,#" # OWS_GISDATA.OWS.modelsheds_2010</Process><Process ToolSource="C:\Program Files\ArcGIS\ArcToolbox\Toolboxes\Data Management Tools.tbx\Dissolve" Date="20111025" Time="165741" Name="" export="">Dissolve OWS_GISDATA.OWS.modelsheds_2010 "Database Connections\Watersheds.sde\OWS_GISDATA.OWS.CSO_Area" TYPE # MULTI_PART DISSOLVE_LINES</Process><Process ToolSource="C:\Program Files\ArcGIS\Desktop10.0\ArcToolbox\Toolboxes\Data Management Tools.tbx\ChangePrivileges" Date="20111202" Time="131215" Name="" export="">ChangePrivileges 'Database Connections\Watersheds.sde\OWS_GISDATA.OWS.CSO_Area' gisreader GRANT #</Process><Process ToolSource="c:\program files (x86)\arcgis\desktop10.0\ArcToolbox\Toolboxes\Conversion Tools.tbx\FeatureClassToFeatureClass" Date="20120712" Time="143448" Name="" export="">FeatureClassToFeatureClass "Database Connections\OWS OWS_GISDATA.sde\OWS_GISDATA.OWS.CSO_Area" "Database Connections\OWS_GEODB2.sde" Combined_Sewer_Service # "TYPE "TYPE" true true false 2 Text 0 0 ,First,#,Database Connections\OWS OWS_GISDATA.sde\OWS_GISDATA.OWS.CSO_Area,TYPE,-1,-1;Shape_area "Shape_area" false false true 0 Double 0 0 ,First,#,Database Connections\OWS OWS_GISDATA.sde\OWS_GISDATA.OWS.CSO_Area,Shape.area,-1,-1;Shape_len "Shape_len" false false true 0 Double 0 0 ,First,#,Database Connections\OWS OWS_GISDATA.sde\OWS_GISDATA.OWS.CSO_Area,Shape.len,-1,-1" #</Process><Process ToolSource="C:\Program Files (x86)\ArcGIS\Desktop10.0\ArcToolbox\Toolboxes\Data Management Tools.tbx\ChangePrivileges" Date="20120712" Time="143937" Name="" export="">ChangePrivileges 'Database Connections\OWS_GEODB2.sde\GIS_PWD_OWS.Combined_Sewer_Service' gis_sde_viewer GRANT #</Process><Process ToolSource="c:\program files (x86)\arcgis\desktop10.0\ArcToolbox\Toolboxes\Conversion Tools.tbx\FeatureClassToFeatureClass" Date="20120926" Time="112425" Name="" export="">FeatureClassToFeatureClass "Database Connections\GEODB2_OWS.sde\GIS_PWD_OWS.Combined_Sewer_Service" "Database Connections\watersheds_geodb2.sde" Combined_Sewer_Service_Area # "TYPE "TYPE" true true false 2 Text 0 0 ,First,#,Database Connections\GEODB2_OWS.sde\GIS_PWD_OWS.Combined_Sewer_Service,TYPE,-1,-1;SHAPE_AREA "SHAPE_AREA" false false true 0 Double 0 0 ,First,#,Database Connections\GEODB2_OWS.sde\GIS_PWD_OWS.Combined_Sewer_Service,SHAPE.AREA,-1,-1;SHAPE_LEN "SHAPE_LEN" false false true 0 Double 0 0 ,First,#,Database Connections\GEODB2_OWS.sde\GIS_PWD_OWS.Combined_Sewer_Service,SHAPE.LEN,-1,-1" #</Process><Process ToolSource="C:\Program Files (x86)\ArcGIS\Desktop10.0\ArcToolbox\Toolboxes\Data Management Tools.tbx\ChangePrivileges" Date="20120928" Time="095230" Name="" export="">ChangePrivileges 'Database Connections\watersheds_geodb2.sde\GIS_WATERSHEDS.Combined_Sewer_Service_Area' gis_sde_viewer GRANT AS_IS</Process><Process ToolSource="c:\program files\arcgis\desktop10.1\ArcToolbox\Toolboxes\Data Management Tools.tbx\DeleteFeatures" Date="20140327" Time="150226" Name="" export="">DeleteFeatures "Database Connections\GEODB2 ADMIN.sde\GIS_WATERSHEDS.Combined_Sewer_Service_Area"</Process><Process ToolSource="c:\program files\arcgis\desktop10.1\ArcToolbox\Toolboxes\Data Management Tools.tbx\CopyFeatures" Date="20140327" Time="154821">CopyFeatures temp_layer C:\Users\maryellen.mccarty\Documents\GitHub\WaterDept-geodata\Combined_Sewer_Service_Area\shapefile\temp\Combined_Sewer_Service_Area.shp # 0 0 0</Process><Process ToolSource="c:\program files\arcgis\desktop10.1\ArcToolbox\Toolboxes\Data Management Tools.tbx\Project" Date="20140327" Time="154826">Project C:\Users\maryellen.mccarty\Documents\GitHub\WaterDept-geodata\Combined_Sewer_Service_Area\shapefile\temp\Combined_Sewer_Service_Area.shp C:\Users\maryellen.mccarty\Documents\GitHub\WaterDept-geodata\Combined_Sewer_Service_Area\shapefile\Combined_Sewer_Service_Area.shp GEOGCS['GCS_WGS_1984',DATUM['D_WGS_1984',SPHEROID['WGS_1984',6378137.0,298.257223563]],PRIMEM['Greenwich',0.0],UNIT['Degree',0.0174532925199433],METADATA['World',-180.0,-90.0,180.0,90.0,0.0,0.0174532925199433,0.0,1262]] WGS_1984_(ITRF00)_To_NAD_1983 PROJCS['NAD_1983_StatePlane_Pennsylvania_South_FIPS_3702_Feet',GEOGCS['GCS_North_American_1983',DATUM['D_North_American_1983',SPHEROID['GRS_1980',6378137.0,298.257222101]],PRIMEM['Greenwich',0.0],UNIT['Degree',0.0174532925199433]],PROJECTION['Lambert_Conformal_Conic'],PARAMETER['False_Easting',1968500.0],PARAMETER['False_Northing',0.0],PARAMETER['Central_Meridian',-77.75],PARAMETER['Standard_Parallel_1',39.93333333333333],PARAMETER['Standard_Parallel_2',40.96666666666667],PARAMETER['Latitude_Of_Origin',39.33333333333334],UNIT['Foot_US',0.3048006096012192]]</Process></lineage><itemProps><itemName Sync="TRUE">Combined_Sewer_Service_Area</itemName><imsContentType>002</imsContentType><itemLocation><linkage Sync="TRUE">file://\\28-ARAMMCCAR01\C$\Users\maryellen.mccarty\Documents\GitHub\WaterDept-geodata\Combined_Sewer_Service_Area\shapefile\temp\Combined_Sewer_Service_Area.shp</linkage><protocol Sync="TRUE">Local Area Network</protocol></itemLocation><nativeExtBox><westBL Sync="TRUE">2660887.801174</westBL><eastBL Sync="TRUE">2736874.749922</eastBL><southBL Sync="TRUE">213305.725544</southBL><northBL Sync="TRUE">283461.798814</northBL><exTypeCode Sync="TRUE">1</exTypeCode></nativeExtBox><itemSize Sync="TRUE">0.000</itemSize></itemProps><coordRef><type Sync="TRUE">Projected</type><geogcsn Sync="TRUE">GCS_North_American_1983</geogcsn><csUnits Sync="TRUE">Linear Unit: Foot_US (0.304801)</csUnits><projcsn Sync="TRUE">NAD_1983_StatePlane_Pennsylvania_South_FIPS_3702_Feet</projcsn><peXml Sync="TRUE">&lt;ProjectedCoordinateSystem xsi:type='typens:ProjectedCoordinateSystem' xmlns:xsi='http://www.w3.org/2001/XMLSchema-instance' xmlns:xs='http://www.w3.org/2001/XMLSchema' xmlns:typens='http://www.esri.com/schemas/ArcGIS/10.1'&gt;&lt;WKT&gt;PROJCS[&amp;quot;NAD_1983_StatePlane_Pennsylvania_South_FIPS_3702_Feet&amp;quot;,GEOGCS[&amp;quot;GCS_North_American_1983&amp;quot;,DATUM[&amp;quot;D_North_American_1983&amp;quot;,SPHEROID[&amp;quot;GRS_1980&amp;quot;,6378137.0,298.257222101]],PRIMEM[&amp;quot;Greenwich&amp;quot;,0.0],UNIT[&amp;quot;Degree&amp;quot;,0.0174532925199433]],PROJECTION[&amp;quot;Lambert_Conformal_Conic&amp;quot;],PARAMETER[&amp;quot;False_Easting&amp;quot;,1968500.0],PARAMETER[&amp;quot;False_Northing&amp;quot;,0.0],PARAMETER[&amp;quot;Central_Meridian&amp;quot;,-77.75],PARAMETER[&amp;quot;Standard_Parallel_1&amp;quot;,39.93333333333333],PARAMETER[&amp;quot;Standard_Parallel_2&amp;quot;,40.96666666666667],PARAMETER[&amp;quot;Latitude_Of_Origin&amp;quot;,39.33333333333334],UNIT[&amp;quot;Foot_US&amp;quot;,0.3048006096012192],AUTHORITY[&amp;quot;EPSG&amp;quot;,2272]]&lt;/WKT&gt;&lt;XOrigin&gt;-119214200&lt;/XOrigin&gt;&lt;YOrigin&gt;-96198500&lt;/YOrigin&gt;&lt;XYScale&gt;37163717.489134133&lt;/XYScale&gt;&lt;ZOrigin&gt;-100000&lt;/ZOrigin&gt;&lt;ZScale&gt;10000&lt;/ZScale&gt;&lt;MOrigin&gt;-100000&lt;/MOrigin&gt;&lt;MScale&gt;10000&lt;/MScale&gt;&lt;XYTolerance&gt;0.0032808333333333331&lt;/XYTolerance&gt;&lt;ZTolerance&gt;0.001&lt;/ZTolerance&gt;&lt;MTolerance&gt;0.001&lt;/MTolerance&gt;&lt;HighPrecision&gt;true&lt;/HighPrecision&gt;&lt;WKID&gt;102729&lt;/WKID&gt;&lt;LatestWKID&gt;2272&lt;/LatestWKID&gt;&lt;/ProjectedCoordinateSystem&gt;</peXml></coordRef></DataProperties><ArcGISProfile>ItemDescription</ArcGISProfile><ArcGISFormat>1.0</ArcGISFormat><scaleRange><minScale>150000000</minScale><maxScale>5000</maxScale></scaleRange></Esri><idinfo><native Sync="TRUE">Microsoft Windows XP Version 5.1 (Build 2600) Service Pack 3; ESRI ArcCatalog 9.3.1.4000</native><descript><langdata Sync="TRUE">en</langdata><abstract>AbstractThis layer is dissolved and queried from PWD's internal sewer shed feature class named, modlesheds. The polygons in this layer are catchments for sanitary, storm and/or combined sewer flows. These catchments are used in the hydraulic models.Data DevelopmentBase Modelsheds are maintained regularly and delineate waste water and stormwater and combined sewer catchments in Philadelphia. Storm water and waste water pipe flow are analyzed to delineate the shed boundaries.Coordinate systemNAD_1983_StatePlane_Pennsylvania_South_FIPS_3702_FeetProjection: Lambert_Conformal_ConicFalse_Easting: 1968500.000000False_Northing: 0.000000Central_Meridian: -77.750000Standard_Parallel_1: 39.933333Standard_Parallel_2: 40.966667Latitude_Of_Origin: 39.333333Linear Unit: Foot_US (0.304801)Geographic Coordinate System: GCS_North_American_1983Angular Unit: Degree (0.017453292519943299)Prime Meridian: Greenwich (0.000000000000000000)Datum: D_North_American_1983Spheroid: GRS_1980Semimajor Axis: 6378137.000000000000000000Semiminor Axis: 6356752.314140356100000000Inverse Flattening: 298.257222101000020000Other InformationFeel free to contact me with any questions or to point out errors.</abstract><purpose>Combined Sewer Service area within Philadelphia
Features updated:  09/26/2012
Attributes updated: 09/26/2012
Metadata updated  09/26/2012
Update Frequency - as needed
</purpose><supplinf>Edits (1/3/08 JK):
 - MBE12 split into MBE12 and MBE16
 - MSH1B split into MSH1B and MSH2
 - MLM4 split into MLM6 and MLM7
 - MLM2A split into MLM2A and MLM5
 - BUCKL2 renamed MLM4
 - MSH1 renamed MLM3
 - MLM5 outlet changed to IDR-082

5/3/07 Fixed type "ST" to "NC on shedname =  TS16-NC
12/15/06 - Split D54-15, D54, &amp; S42a-42.
 10/17/06 - Fixed some duplicate polygons and mislabeled polygons.
10/13/06 The noncontributing area known as Franklin Mills was subdivided into 7 subsheds and labeled as IPOQ-120, 130, 150, 170, 188 IBLR-016B &amp; C.  The areas were added to the monitoring area 98 &amp; 96.
10/3/06 Based on metadata fowarded from RR updated attribute table as follows: Changed shed named 'IWBR-098C' with 1.11 acre area draining to IWBR-098 to 'IWBR-050E' and it now loads to IWBR-050; Changed loading (shed R18 a stormshed used to load to IT15-022 now loads to OR18-010).RR Model Shed named 'NONE' had type 'S', it is noncontributing hence type was changed to 'NC'. Gary Martens renamed shed 'R21' to 'TR07-232' outlet may have been changed previously.
7/19/06 Copied from PWD as modelsheds, renamed to modelsheds-pwd071906.
2/3/06 Gary Martens added column "commeter" and "contract_n".
1/13/06 After the edits this coverage was converted to modelshds4 on Edison computer but sent to PWD as modelsheds.  This layer was compared to modelsheds-pwd0106 which was copied from PWD and suppose to be the correct layer.  However, this layer has many slivers and overlaps.  So Edison's modelshds3 was used and the attributes compared and updated.  The changes made so that the two layers match were shedname changes to MA_4, MBE_8, 9, 10, 11, 12, 13, MC_3, R11A &amp; TS27-2104.  Many outlet name changes were done too.  A small overlapping square in shed wTS17-120 was removed.

12/30/05 Further refinement occurred in the area of D66, D68, TS42, TS44 &amp; S42.  Intersects with slope were done for SE &amp; SWS.  This file was sent back to PWD and is renamed as "modelsheds" for their use.
12/29/05 Exported the coverage called modelshds2 to this modelshds3 shapefile.  Copied to PWD server for comparison to a newly delineated sheds that they still call modelsheds - which I've copied to this computer calling it modelshdspwd.
9/16/05 sent this layer to Sham for his use in redelineating D54.  It should be stored in a common location as the good modeling shed layer.

This layer has been sent back and forth between modelers and GIS technician. Each time edits are made to the polygons by the modelers and than the GIS technician puts it through QA/QC of the topology to fix slivers and gaps. This layer should not be used until the topology has been built. The dates listed below shows the progress of this layer. 

08/25/05 Found 2 more slivers that should've been removed, removed them. Even though Gary sent other subsheds on 07/25 &amp; 07/21 I believe this is the good shed layer. The sheds gary sent in July contained slivers again.

06/02/05 Removed floating polygons east of river.
05/31/05 - recieved modelshds zipped up via email from Gary Martens 
04/05/05 processed through ArcInfo checking for slivers and wholes.</supplinf></descript><citation><citeinfo><origin>CDM consulting team at PWD Office of Watersheds</origin><pubdate>Unpublished Material</pubdate><title Sync="TRUE">GIS_WATERSHEDS.Combined_Sewer_Service_Area</title><ftname Sync="TRUE">OWS_GISDATA.OWS.CSO_Area</ftname><geoform Sync="TRUE">vector digital data</geoform><onlink Sync="TRUE">Server=pwdgis4; Service=owsgisdata_sde; Database=OWS_GISDATA; User=ows; Version=sde.DEFAULT</onlink></citeinfo></citation><timeperd><current>publication date</current><timeinfo><sngdate><caldate>06/02/2005</caldate></sngdate></timeinfo></timeperd><status><progress>In work</progress><update>Continually</update></status><spdom><bounding><westbc Sync="TRUE">-75.281921</westbc><eastbc Sync="TRUE">-75.003752</eastbc><northbc Sync="TRUE">40.084824</northbc><southbc Sync="TRUE">39.886170</southbc></bounding><lboundng><leftbc Sync="TRUE">2660963.769198</leftbc><rightbc Sync="TRUE">2736874.749922</rightbc><bottombc Sync="TRUE">213305.725544</bottombc><topbc Sync="TRUE">283461.798814</topbc></lboundng></spdom><keywords><theme><themekt>REQUIRED: Reference to a formally registered thesaurus or a similar authoritative source of theme keywords.</themekt><themekey>Sewershed</themekey><themekey>Modeling shed</themekey><themekey>Combined sewer area</themekey><themekey>Sanitary sewer area</themekey><themekey>Stormwater only area</themekey></theme><place><placekey>Philadelphia, Pennsylvania</placekey><placekey>outlying areas</placekey></place></keywords><natvform Sync="TRUE">SDE Feature Class</natvform></idinfo><dataIdInfo><envirDesc Sync="TRUE">Microsoft Windows 7 Version 6.1 (Build 7601) Service Pack 1; Esri ArcGIS 10.1.1.3300</envirDesc><dataLang><languageCode Sync="TRUE" value="eng"/><countryCode value="USA" Sync="TRUE"/></dataLang><idCitation><resTitle Sync="TRUE">Combined_Sewer_Service_Area</resTitle><presForm><PresFormCd Sync="TRUE" value="005"/></presForm></idCitation><spatRpType><SpatRepTypCd Sync="TRUE" value="001"/></spatRpType><dataExt><geoEle><GeoBndBox esriExtentType="native"><westBL Sync="TRUE">2660963.769198</westBL><eastBL Sync="TRUE">2736874.749922</eastBL><northBL Sync="TRUE">283461.798814</northBL><southBL Sync="TRUE">213305.725544</southBL><exTypeCode Sync="TRUE">1</exTypeCode></GeoBndBox></geoEle></dataExt><dataExt><geoEle xmlns=""><GeoBndBox esriExtentType="search"><westBL Sync="TRUE">-75.282192</westBL><eastBL Sync="TRUE">-75.003752</eastBL><northBL Sync="TRUE">40.084830</northBL><southBL Sync="TRUE">39.886170</southBL><exTypeCode Sync="TRUE">1</exTypeCode></GeoBndBox></geoEle></dataExt><geoBox esriExtentType="decdegrees"><westBL Sync="TRUE">-75.281921</westBL><eastBL Sync="TRUE">-75.003752</eastBL><northBL Sync="TRUE">40.084824</northBL><southBL Sync="TRUE">39.88617</southBL><exTypeCode Sync="TRUE">1</exTypeCode></geoBox><idPurp>Combined Sewer Service area within Philadelphia

Features updated:  03/27/2014
Attributes updated: 03/27/2014
Metadata updated  03/27/2014
Update Frequency - as needed
</idPurp><idAbs>&lt;DIV STYLE="text-align:Left;"&gt;&lt;DIV&gt;&lt;DIV&gt;&lt;P STYLE="font-weight:bold;margin:0 0 0 0;"&gt;&lt;SPAN&gt;&lt;SPAN&gt;Abstract&lt;/SPAN&gt;&lt;/SPAN&gt;&lt;/P&gt;&lt;P&gt;&lt;SPAN&gt;This layer is dissolved and queried from PWD's internal sewer shed feature class named, modlesheds. The polygons in this layer are catchments for sanitary, storm and/or combined sewer flows. These catchments are used in the hydraulic models.&lt;/SPAN&gt;&lt;/P&gt;&lt;P STYLE="font-weight:bold;margin:0 0 0 0;"&gt;&lt;SPAN&gt;&lt;SPAN&gt;Data Development&lt;/SPAN&gt;&lt;/SPAN&gt;&lt;/P&gt;&lt;P&gt;&lt;SPAN&gt;Base Modelsheds are maintained regularly and delineate waste water and stormwater and combined sewer catchments in Philadelphia. Storm water and waste water pipe flow are analyzed to delineate the shed boundaries.&lt;/SPAN&gt;&lt;/P&gt;&lt;P&gt;&lt;SPAN /&gt;&lt;/P&gt;&lt;P STYLE="margin:0 0 0 0;"&gt;&lt;SPAN STYLE="font-weight:bold;"&gt;&lt;SPAN&gt;Coordinate system&lt;/SPAN&gt;&lt;/SPAN&gt;&lt;/P&gt;&lt;P STYLE="margin:0 0 0 0;"&gt;&lt;SPAN&gt;&lt;SPAN&gt;NAD_1983_StatePlane_Pennsylvania_South_FIPS_3702_Feet&lt;/SPAN&gt;&lt;/SPAN&gt;&lt;/P&gt;&lt;P STYLE="margin:0 0 0 0;"&gt;&lt;SPAN&gt;&lt;SPAN&gt;Projection: Lambert_Conformal_Conic&lt;/SPAN&gt;&lt;/SPAN&gt;&lt;/P&gt;&lt;P STYLE="margin:0 0 0 0;"&gt;&lt;SPAN&gt;&lt;SPAN&gt;False_Easting: 1968500.000000&lt;/SPAN&gt;&lt;/SPAN&gt;&lt;/P&gt;&lt;P STYLE="margin:0 0 0 0;"&gt;&lt;SPAN&gt;&lt;SPAN&gt;False_Northing: 0.000000&lt;/SPAN&gt;&lt;/SPAN&gt;&lt;/P&gt;&lt;P STYLE="margin:0 0 0 0;"&gt;&lt;SPAN&gt;&lt;SPAN&gt;Central_Meridian: -77.750000&lt;/SPAN&gt;&lt;/SPAN&gt;&lt;/P&gt;&lt;P STYLE="margin:0 0 0 0;"&gt;&lt;SPAN&gt;&lt;SPAN&gt;Standard_Parallel_1: 39.933333&lt;/SPAN&gt;&lt;/SPAN&gt;&lt;/P&gt;&lt;P STYLE="margin:0 0 0 0;"&gt;&lt;SPAN&gt;&lt;SPAN&gt;Standard_Parallel_2: 40.966667&lt;/SPAN&gt;&lt;/SPAN&gt;&lt;/P&gt;&lt;P STYLE="margin:0 0 0 0;"&gt;&lt;SPAN&gt;&lt;SPAN&gt;Latitude_Of_Origin: 39.333333&lt;/SPAN&gt;&lt;/SPAN&gt;&lt;/P&gt;&lt;P STYLE="margin:0 0 0 0;"&gt;&lt;SPAN&gt;&lt;SPAN&gt;Linear Unit: Foot_US (0.304801)&lt;/SPAN&gt;&lt;/SPAN&gt;&lt;/P&gt;&lt;P /&gt;&lt;P STYLE="margin:0 0 0 0;"&gt;&lt;SPAN&gt;&lt;SPAN&gt;Geographic Coordinate System: GCS_North_American_1983&lt;/SPAN&gt;&lt;/SPAN&gt;&lt;/P&gt;&lt;P STYLE="margin:0 0 0 0;"&gt;&lt;SPAN&gt;&lt;SPAN&gt;Angular Unit: Degree (0.017453292519943299)&lt;/SPAN&gt;&lt;/SPAN&gt;&lt;/P&gt;&lt;P STYLE="margin:0 0 0 0;"&gt;&lt;SPAN&gt;&lt;SPAN&gt;Prime Meridian: Greenwich (0.000000000000000000)&lt;/SPAN&gt;&lt;/SPAN&gt;&lt;/P&gt;&lt;P STYLE="margin:0 0 0 0;"&gt;&lt;SPAN&gt;&lt;SPAN&gt;Datum: D_North_American_1983&lt;/SPAN&gt;&lt;/SPAN&gt;&lt;/P&gt;&lt;P STYLE="margin:0 0 0 0;"&gt;&lt;SPAN&gt;&lt;SPAN&gt;Spheroid: GRS_1980&lt;/SPAN&gt;&lt;/SPAN&gt;&lt;/P&gt;&lt;P STYLE="margin:0 0 0 0;"&gt;&lt;SPAN&gt;&lt;SPAN&gt;Semimajor Axis: 6378137.000000000000000000&lt;/SPAN&gt;&lt;/SPAN&gt;&lt;/P&gt;&lt;P STYLE="margin:0 0 0 0;"&gt;&lt;SPAN&gt;&lt;SPAN&gt;Semiminor Axis: 6356752.314140356100000000&lt;/SPAN&gt;&lt;/SPAN&gt;&lt;/P&gt;&lt;P STYLE="margin:0 0 0 0;"&gt;&lt;SPAN&gt;&lt;SPAN&gt;Inverse Flattening: 298.257222101000020000&lt;/SPAN&gt;&lt;/SPAN&gt;&lt;/P&gt;&lt;P STYLE="margin:0 0 0 0;"&gt;&lt;SPAN /&gt;&lt;/P&gt;&lt;P STYLE="font-weight:bold;margin:0 0 0 0;"&gt;&lt;SPAN&gt;&lt;SPAN&gt;Other Information&lt;/SPAN&gt;&lt;/SPAN&gt;&lt;/P&gt;&lt;P STYLE="margin:0 0 0 0;"&gt;&lt;SPAN&gt;&lt;SPAN&gt;Feel free to contact me with any questions or to point out errors.&lt;/SPAN&gt;&lt;/SPAN&gt;&lt;/P&gt;&lt;P STYLE="margin:0 0 0 0;"&gt;&lt;SPAN /&gt;&lt;SPAN /&gt;&lt;/P&gt;&lt;P&gt;&lt;SPAN /&gt;&lt;/P&gt;&lt;/DIV&gt;&lt;/DIV&gt;&lt;/DIV&gt;</idAbs><idCredit>Philadelphia Water Department, Office of Watersheds
1101 Market St. 4th Fl. Philadelphia PA, 19107
215-685-6246
maryellen.mccarty@phila.gov
</idCredit><searchKeys><keyword>CSO</keyword><keyword>Combined Sewer Shed</keyword></searchKeys><resConst><Consts><useLimit>&lt;DIV STYLE="text-align:Left;"&gt;&lt;DIV&gt;&lt;DIV&gt;&lt;P STYLE="margin:0 0 0 0;"&gt;&lt;SPAN&gt;The City of Philadelphia makes no representation about the accuracy of any specific information in this GIS data and is provided “as is” and without Warranty of any kind. The user of this data will assume complete responsibility for any and all occurrences resulting from its use or display and will hold the City of Philadelphia harmless from any and all claims, demands, liabilities, obligations, damages, suits, judgments or settlements, including reasonable costs and attorneys' fees, that arise from use of this data.&lt;/SPAN&gt;&lt;/P&gt;&lt;/DIV&gt;&lt;/DIV&gt;&lt;/DIV&gt;</useLimit></Consts></resConst></dataIdInfo><metainfo><langmeta Sync="TRUE">en</langmeta><metstdn Sync="TRUE">FGDC Content Standards for Digital Geospatial Metadata</metstdn><metstdv Sync="TRUE">FGDC-STD-001-1998</metstdv><mettc Sync="TRUE">local time</mettc><metc><cntinfo><cntorgp><cntper>REQUIRED: The person responsible for the metadata information.</cntper><cntorg>REQUIRED: The organization responsible for the metadata information.</cntorg></cntorgp><cntaddr><addrtype>REQUIRED: The mailing and/or physical address for the organization or individual.</addrtype><city>REQUIRED: The city of the address.</city><state>REQUIRED: The state or province of the address.</state><postal>REQUIRED: The ZIP or other postal code of the address.</postal></cntaddr><cntvoice>REQUIRED: The telephone number by which individuals can speak to the organization or individual.</cntvoice></cntinfo></metc><metd Sync="TRUE">20111031</metd></metainfo><mdLang><languageCode Sync="TRUE" value="eng"/><countryCode value="USA" Sync="TRUE"/></mdLang><mdChar><CharSetCd Sync="TRUE" value="005"/></mdChar><mdHrLv><ScopeCd Sync="TRUE" value="005"/></mdHrLv><mdHrLvName Sync="TRUE">dataset</mdHrLvName><distinfo><resdesc Sync="TRUE">Downloadable Data</resdesc><stdorder><digform><digtinfo><transize Sync="TRUE">1.431</transize><dssize Sync="TRUE">1.431</dssize></digtinfo></digform></stdorder></distinfo><distInfo><distributor><distorTran><onLineSrc><orDesc Sync="TRUE">002</orDesc><linkage Sync="TRUE">Server=pwdgis4; Service=owsgisdata_sde; Database=OWS_GISDATA; User=ows; Version=sde.DEFAULT</linkage><protocol Sync="TRUE">ArcSDE Connection</protocol></onLineSrc><transSize Sync="TRUE">1.431</transSize></distorTran><distorFormat><formatName Sync="TRUE">SDE Feature Class</formatName></distorFormat></distributor><distFormat><formatName Sync="TRUE">Shapefile</formatName></distFormat><distTranOps><transSize Sync="TRUE">0.000</transSize></distTranOps></distInfo><spdoinfo><direct Sync="TRUE">Vector</direct><ptvctinf><esriterm Name="Combined_Sewer_Service_Area"><efeatyp Sync="TRUE">Simple</efeatyp><efeageom code="4" Sync="TRUE"></efeageom><esritopo Sync="TRUE">FALSE</esritopo><efeacnt Sync="TRUE">0</efeacnt><spindex Sync="TRUE">FALSE</spindex><linrefer Sync="TRUE">FALSE</linrefer></esriterm></ptvctinf></spdoinfo><spatRepInfo><VectSpatRep><geometObjs Name="Combined_Sewer_Service_Area"><geoObjTyp><GeoObjTypCd value="002" Sync="TRUE"></GeoObjTypCd></geoObjTyp><geoObjCnt Sync="TRUE">0</geoObjCnt></geometObjs><topLvl><TopoLevCd value="001" Sync="TRUE"></TopoLevCd></topLvl></VectSpatRep></spatRepInfo><eainfo><detailed Name="Combined_Sewer_Service_Area"><enttyp><enttypl Sync="TRUE">Combined_Sewer_Service_Area</enttypl><enttypt Sync="TRUE">Feature Class</enttypt><enttypc Sync="TRUE">0</enttypc></enttyp><attr><attrlabl Sync="TRUE">FID</attrlabl><attalias Sync="TRUE">FID</attalias><attrtype Sync="TRUE">OID</attrtype><attwidth Sync="TRUE">4</attwidth><atprecis Sync="TRUE">0</atprecis><attscale Sync="TRUE">0</attscale><attrdef Sync="TRUE">Internal feature number.</attrdef><attrdefs Sync="TRUE">Esri</attrdefs><attrdomv><udom Sync="TRUE">Sequential unique whole numbers that are automatically generated.</udom></attrdomv></attr><attr><attrlabl Sync="TRUE">Shape</attrlabl><attalias Sync="TRUE">Shape</attalias><attrtype Sync="TRUE">Geometry</attrtype><attwidth Sync="TRUE">0</attwidth><atprecis Sync="TRUE">0</atprecis><attscale Sync="TRUE">0</attscale><attrdef Sync="TRUE">Feature geometry.</attrdef><attrdefs Sync="TRUE">ESRI</attrdefs><attrdomv><udom Sync="TRUE">Coordinates defining the features.</udom></attrdomv></attr><attr><attrlabl Sync="TRUE">TYPE</attrlabl><attalias Sync="TRUE">TYPE</attalias><attrtype Sync="TRUE">String</attrtype><attwidth Sync="TRUE">2</attwidth><atprecis Sync="TRUE">0</atprecis><attscale Sync="TRUE">0</attscale></attr><attr><attrlabl Sync="TRUE">SHAPE_AREA</attrlabl><attalias Sync="TRUE">SHAPE_AREA</attalias><attrtype Sync="TRUE">Double</attrtype><attwidth Sync="TRUE">19</attwidth><atprecis Sync="TRUE">0</atprecis><attscale Sync="TRUE">0</attscale><attrdef Sync="TRUE">Area of feature in internal units squared.</attrdef><attrdefs Sync="TRUE">Esri</attrdefs><attrdomv><udom Sync="TRUE">Positive real numbers that are automatically generated.</udom></attrdomv></attr><attr><attrlabl Sync="TRUE">SHAPE_LEN</attrlabl><attalias Sync="TRUE">SHAPE_LEN</attalias><attrtype Sync="TRUE">Double</attrtype><attwidth Sync="TRUE">19</attwidth><atprecis Sync="TRUE">0</atprecis><attscale Sync="TRUE">0</attscale></attr></detailed><overview><dsoverv>the shedtype: 'S' is separate-sanitary. These all have stormwater as well as sanitary. For the most part, the stormwater is non-contributing.
When it is not, there is a copy of this shed in 'stormsheds'. 'U'
unsewered is used for sheds that have houses/population but no sewers (e.g. septic tanks). 'NC' shed-type (non-contributing) is generally parkland / direct drainage sheds. 'C' combined sewer areas; These &amp; 'ST' &amp; 'S' are only shed types in the modelsheds coverage that contribute wet weather flow to the system. 'S' or "Sanitary" contributes through RDII.
It is assumed that all sanitary sheds in this coverage have corresponding stormsheds. The stormsheds in this coverage (shed_type =
'ST') exist when there is no corresponding sanitary shed for that area; a shed that drains stormwater only (ie no sanitary flow). These are usually waterfront parking lots and such. If they send the flow directly to the river, then the attribute field 'Outlet' is blank. Otherwise, if they send stormwater flow to the combined sewer system above a regulator, then the attribute field 'OUTLET' identifies the EXTRAN NODE it loads. In addition, a sepearate shapefile called "CSOmodelstormsheds" is maintained for stormsheds that contribute to the combined sewer system and that overlap existing sanitary sheds but load to different EXTRAN NODES (i.e. have a different 'OUTLET'). For the most part, stormwater sheds do not contribute to the system, they drain directly to a body of water. These are the 'ST' sheds in 'modelsheds' with blank OUTLET attributes. There are a few exceptions, however,('TS27-3308A' with OUTLET= 'TS27-3308' is a good example) which enter the combined system and must be included in the models. If they overlap with sanitary sheds, however, which also must be included in the models, then they are maintained in the “CSOmodelstormsheds” coverage in order to maintain spatial integrity. Se, Sw, Nell, Nehl: These fields are primarily for a macro that checks the models against GIS. If we were checking the SW model, for example, it would check to see that every shed with 'True'
in that column is in the model, and that everything in the model is 'True' in GIS. They are also a useful tool for viewing purposes. If, for example, we wanted to view only the sheds that are in a certain model.
District: This field tells us where the dry-weather flow goes, whereas the above fields tell us if any flow (dry or wet) goes to a certain location. For example, many of the Wissahickon sheds can send flow to all three systems during wet-weather, so they are True for SE, SW, and NELL. Their dry-waether all goes to the SE, though, which would be the 'District' </dsoverv><eaover>The attribute "Collector" and "Variable" were created so the sheds could be grouped for slope analysis.  The "Variable" is a four character abbreviation of "Collector".  3 of the groupings Poquessing, Southwest Main Gravity &amp; Upper Delaware Low Level have a slight variation of the variable.  These are tagged with an I on a 3 character prefix for inside the limits of the City data.  So Poquessing is POQI, Southwest Main Gravity is SMGI &amp; Upper Delaware Low Level is UDLI.</eaover></overview><detailed Name="Monitoring"><enttyp><enttypl Sync="TRUE">Monitoring</enttypl><enttypt Sync="TRUE">Relationship</enttypt><enttypc Sync="TRUE">2559</enttypc></enttyp><attr><attrlabl Sync="TRUE">FID</attrlabl><attalias Sync="TRUE">FID</attalias><attrtype Sync="TRUE">OID</attrtype><attwidth Sync="TRUE">4</attwidth><atprecis Sync="TRUE">0</atprecis><attscale Sync="TRUE">0</attscale><attrdef Sync="TRUE">Internal feature number.</attrdef><attrdefs Sync="TRUE">ESRI</attrdefs><attrdomv><udom Sync="TRUE">Sequential unique whole numbers that are automatically generated.</udom></attrdomv></attr><attr><attrlabl Sync="TRUE">Shape</attrlabl><attalias Sync="TRUE">Shape</attalias><attrtype Sync="TRUE">Geometry</attrtype><attwidth Sync="TRUE">0</attwidth><atprecis Sync="TRUE">0</atprecis><attscale Sync="TRUE">0</attscale><attrdef Sync="TRUE">Feature geometry.</attrdef><attrdefs Sync="TRUE">ESRI</attrdefs><attrdomv><udom Sync="TRUE">Coordinates defining the features.</udom></attrdomv></attr><attr><attrlabl Sync="TRUE">AREA</attrlabl><attwidth Sync="TRUE">16</attwidth><atoutwid Sync="TRUE">18</atoutwid><attrtype Sync="TRUE">String</attrtype><attrdef Sync="TRUE">Area of feature in internal units squared.</attrdef><attrdefs Sync="TRUE">ESRI</attrdefs><attrdomv><udom Sync="TRUE">Positive real numbers that are automatically generated.</udom></attrdomv></attr><attr><attrlabl Sync="TRUE">PERIMETER</attrlabl><attwidth Sync="TRUE">2</attwidth><atoutwid Sync="TRUE">18</atoutwid><attrtype Sync="TRUE">String</attrtype><attrdef Sync="TRUE">Perimeter of feature in internal units.</attrdef><attrdefs Sync="TRUE">ESRI</attrdefs><attrdomv><udom Sync="TRUE">Positive real numbers that are automatically generated.</udom></attrdomv></attr><attr><attrlabl Sync="TRUE">MODELSHDS3#</attrlabl><attwidth Sync="TRUE">16</attwidth><atoutwid Sync="TRUE">5</atoutwid><attrtype Sync="TRUE">String</attrtype><attrdef Sync="TRUE">Internal feature number.</attrdef><attrdefs Sync="TRUE">ESRI</attrdefs><attrdomv><udom Sync="TRUE">Sequential unique whole numbers that are automatically generated.</udom></attrdomv></attr><attr><attrlabl Sync="TRUE">MODELSHDS3-ID</attrlabl><attwidth Sync="TRUE">19</attwidth><atoutwid Sync="TRUE">5</atoutwid><attrtype Sync="TRUE">Number</attrtype><attrdef Sync="TRUE">User-defined feature number.</attrdef><attrdefs Sync="TRUE">ESRI</attrdefs><atnumdec Sync="TRUE">11</atnumdec></attr><attr><attrlabl Sync="TRUE">SHEDNAME</attrlabl><attwidth Sync="TRUE">16</attwidth><atoutwid Sync="TRUE">16</atoutwid><attrtype Sync="TRUE">String</attrtype></attr><attr><attrlabl Sync="TRUE">TYPE</attrlabl><attwidth Sync="TRUE">3</attwidth><atoutwid Sync="TRUE">2</atoutwid><attrtype Sync="TRUE">String</attrtype></attr><attr><attrlabl Sync="TRUE">OUTLET</attrlabl><attwidth Sync="TRUE">16</attwidth><atoutwid Sync="TRUE">16</atoutwid><attrtype Sync="TRUE">String</attrtype></attr><attr><attrlabl Sync="TRUE">ACRES</attrlabl><attwidth Sync="TRUE">16</attwidth><atoutwid Sync="TRUE">16</atoutwid><attrtype Sync="TRUE">String</attrtype></attr><attr><attrlabl Sync="TRUE">RAINGAUGE</attrlabl><attwidth Sync="TRUE">30</attwidth><atoutwid Sync="TRUE">16</atoutwid><attrtype Sync="TRUE">String</attrtype></attr><attr><attrlabl Sync="TRUE">OUTLYING</attrlabl><attwidth Sync="TRUE">16</attwidth><atoutwid Sync="TRUE">11</atoutwid><attrtype Sync="TRUE">String</attrtype></attr><attr><attrlabl Sync="TRUE">NEHL</attrlabl><attwidth Sync="TRUE">16</attwidth><atoutwid Sync="TRUE">11</atoutwid><attrtype Sync="TRUE">String</attrtype></attr><attr><attrlabl Sync="TRUE">NELL</attrlabl><attwidth Sync="TRUE">16</attwidth><atoutwid Sync="TRUE">11</atoutwid><attrtype Sync="TRUE">String</attrtype></attr><attr><attrlabl Sync="TRUE">SW</attrlabl><attwidth Sync="TRUE">30</attwidth><atoutwid Sync="TRUE">11</atoutwid><attrtype Sync="TRUE">String</attrtype></attr><attr><attrlabl Sync="TRUE">SE</attrlabl><attwidth Sync="TRUE">30</attwidth><atoutwid Sync="TRUE">11</atoutwid><attrtype Sync="TRUE">String</attrtype></attr><attr><attrlabl Sync="TRUE">WATERSHED</attrlabl><attwidth Sync="TRUE">2</attwidth><atoutwid Sync="TRUE">3</atoutwid><attrtype Sync="TRUE">String</attrtype></attr><attr><attrlabl Sync="TRUE">DISTRICT</attrlabl><attwidth Sync="TRUE">9</attwidth><atoutwid Sync="TRUE">16</atoutwid><attrtype Sync="TRUE">Number</attrtype></attr><attr><attrlabl Sync="TRUE">INTERCEPTO</attrlabl><attwidth Sync="TRUE">25</attwidth><atoutwid Sync="TRUE">16</atoutwid><attrtype Sync="TRUE">String</attrtype></attr><attr><attrlabl Sync="TRUE">CSO_SUBBAS</attrlabl><attwidth Sync="TRUE">50</attwidth><atoutwid Sync="TRUE">16</atoutwid><attrtype Sync="TRUE">String</attrtype></attr><attr><attrlabl Sync="TRUE">FLOWMETER</attrlabl><attwidth Sync="TRUE">16</attwidth><atoutwid Sync="TRUE">16</atoutwid><attrtype Sync="TRUE">String</attrtype></attr><attr><attrlabl Sync="TRUE">PUMPSTA</attrlabl><attwidth Sync="TRUE">30</attwidth><atoutwid Sync="TRUE">16</atoutwid><attrtype Sync="TRUE">String</attrtype></attr><attr><attrlabl Sync="TRUE">MUNINAME</attrlabl><attwidth Sync="TRUE">9</attwidth><atoutwid Sync="TRUE">30</atoutwid><attrtype Sync="TRUE">Number</attrtype></attr><attr><attrlabl Sync="TRUE">COMMENT</attrlabl><attwidth Sync="TRUE">30</attwidth><atoutwid Sync="TRUE">30</atoutwid><attrtype Sync="TRUE">String</attrtype></attr><attr><attrlabl Sync="TRUE">LOCATION</attrlabl><attwidth Sync="TRUE">9</attwidth><atoutwid Sync="TRUE">30</atoutwid><attrtype Sync="TRUE">Number</attrtype></attr><attr><attrlabl Sync="TRUE">SLOPEGROUP</attrlabl><attwidth Sync="TRUE">19</attwidth><atoutwid Sync="TRUE">10</atoutwid><attrtype Sync="TRUE">Number</attrtype><atnumdec Sync="TRUE">11</atnumdec></attr><attr><attrlabl Sync="TRUE">LOCATION</attrlabl><attwidth Sync="TRUE">19</attwidth><atoutwid Sync="TRUE">30</atoutwid><attrtype Sync="TRUE">Number</attrtype><atnumdec Sync="TRUE">11</atnumdec></attr><attr><attrlabl Sync="TRUE">SHEDTYPE</attrlabl><attwidth Sync="TRUE">4</attwidth><atoutwid Sync="TRUE">18</atoutwid><attrtype Sync="TRUE">String</attrtype></attr></detailed></eainfo><mdDateSt Sync="TRUE">20140327</mdDateSt><spref><horizsys><cordsysn><geogcsn Sync="TRUE">GCS_North_American_1983</geogcsn><projcsn Sync="TRUE">NAD_1983_StatePlane_Pennsylvania_South_FIPS_3702_Feet</projcsn></cordsysn><planar><planci><plance Sync="TRUE">coordinate pair</plance><plandu Sync="TRUE">survey feet</plandu><coordrep><absres Sync="TRUE">0.000328</absres><ordres Sync="TRUE">0.000328</ordres></coordrep></planci></planar><geodetic><horizdn Sync="TRUE">North American Datum of 1983</horizdn><ellips Sync="TRUE">Geodetic Reference System 80</ellips><semiaxis Sync="TRUE">6378137.000000</semiaxis><denflat Sync="TRUE">298.257222</denflat></geodetic></horizsys><vertdef><altsys><altenc Sync="TRUE">Explicit elevation coordinate included with horizontal coordinates</altenc><altres Sync="TRUE">1.000000</altres></altsys></vertdef></spref><refSysInfo><RefSystem><refSysID><identCode Sync="TRUE" value="2272" code="2272">NAD_1983_StatePlane_Pennsylvania_South_FIPS_3702_Feet</identCode><idCodeSpace Sync="TRUE">EPSG</idCodeSpace><idVersion Sync="TRUE">7.11.2</idVersion></refSysID></RefSystem></refSysInfo><dataqual><lineage><procstep><procdesc Sync="TRUE">Metadata imported.</procdesc><srcused Sync="TRUE">E:\Data\PWD\shapefiles\modelshds2.shp.xml</srcused><date Sync="TRUE">20051229</date><time Sync="TRUE">14411300</time></procstep><procstep><procdesc Sync="TRUE">Metadata imported.</procdesc><srcused Sync="TRUE">E:\Data\PWD\shapefiles\modelshds3.shp.xml</srcused><date Sync="TRUE">20051230</date><time Sync="TRUE">11161900</time></procstep><procstep><procdesc Sync="TRUE">Metadata imported.</procdesc><srcused Sync="TRUE">E:\Data\PWD\sewersheds\modelshds3\metadata.xml</srcused><date Sync="TRUE">20060127</date><time Sync="TRUE">15533000</time></procstep><procstep><procdesc Sync="TRUE">Dataset copied.</procdesc><srcused Sync="TRUE">E:\Data\PWD\shapefiles\modelshds4</srcused><date Sync="TRUE">20060127</date><time Sync="TRUE">15541900</time></procstep><procstep><procdesc Sync="TRUE">Dataset copied.</procdesc><srcused Sync="TRUE">E:\Data\PWD\shapefiles\Monitoring\modelsheds-pwd071906</srcused><date Sync="TRUE">20060719</date><time Sync="TRUE">08340100</time></procstep><procstep><procdesc Sync="TRUE">Metadata imported.</procdesc><srcused Sync="TRUE">E:\Data\PWD\shapefiles\modelsheds-pwd071906.shp.xml</srcused><date Sync="TRUE">20061002</date><time Sync="TRUE">15464200</time></procstep><procstep><procdesc Sync="TRUE">Metadata imported.</procdesc><srcused Sync="TRUE">E:\Data\PWD\metadata\ModelingSheds.xml</srcused><date Sync="TRUE">20061219</date><time Sync="TRUE">15423100</time></procstep></lineage></dataqual></metadata>
